url;alt;fichier_local;octets;pages_utilisant
https://www.aurea-immobilier.fr/office5/aureaimmo_140824/catalog/images/aurea-logoe-ok.png;AUREA IMMOBILIER;aurea-immobilier-aurea-logoe-ok.png;436201;https://www.aurea-immobilier.fr/ | https://www.aurea-immobilier.fr/catalog/account.php | https://www.aurea-immobilier.fr/catalog/annonce.php | https://www.aurea-immobilier.fr/catalog/contact_us.php?form=1 | https://www.aurea-immobilier.fr/catalog/contact_us.php?form=3 | https://www.aurea-immobilier.fr/catalog/contact_us.php?manufacturer_id=385554&products_id=59514626 | https://www.aurea-immobilier.fr/catalog/contact_us.php?manufacturer_id=385554&products_id=60114296 | https://www.aurea-immobilier.fr/catalog/contact_us.php?manufacturer_id=385554&products_id=60185157 | https://www.aurea-immobilier.fr/catalog/contact_us.php?manufacturer_id=385554&products_id=60609523 | https://www.aurea-immobilier.fr/catalog/contact_us.php?manufacturer_id=385554&products_id=60992633 | https://www.aurea-immobilier.fr/catalog/contact_us.php?manufacturer_id=385554&products_id=61452626 | https://www.aurea-immobilier.fr/catalog/contact_us.php?manufacturer_id=385554&products_id=61483159 | https://www.aurea-immobilier.fr/catalog/cookies-policy.php | https://www.aurea-immobilier.fr/catalog/cookies.php | https://www.aurea-immobilier.fr/catalog/estimation.php | https://www.aurea-immobilier.fr/catalog/gdpr.php | https://www.aurea-immobilier.fr/catalog/mentions.php | https://www.aurea-immobilier.fr/catalog/news.php | https://www.aurea-immobilier.fr/catalog/outils.php | https://www.aurea-immobilier.fr/catalog/products_selled.php | https://www.aurea-immobilier.fr/catalog/products_selled.php?page=11 | https://www.aurea-immobilier.fr/catalog/products_selled.php?page=2 | https://www.aurea-immobilier.fr/catalog/products_selled.php?page=3 | https://www.aurea-immobilier.fr/catalog/products_selled.php?page=4 | https://www.aurea-immobilier.fr/catalog/products_selled.php?page=5 | https://www.aurea-immobilier.fr/catalog/products_selled.php?page=6 | https://www.aurea-immobilier.fr/catalog/site_plan.php
https://www.aurea-immobilier.fr/office5/aureaimmo_140824/catalog/images/HOME1a-min.jpg;;home1a-min.jpg;588057;https://www.aurea-immobilier.fr/
https://www.aurea-immobilier.fr/office5/aureaimmo_140824/catalog/images/pr_p/6/0/1/1/4/2/9/6/60114296a.jpg;Maison plain-pied La Couture Boussey 4 pièces 90 m2;maison-plain-pied-la-couture-b-60114296a.jpg;318873;https://www.aurea-immobilier.fr/ | https://www.aurea-immobilier.fr/catalog/annonce.php | https://www.aurea-immobilier.fr/catalog/contact_us.php?manufacturer_id=385554&products_id=60114296 | https://www.aurea-immobilier.fr/catalog/products_print.php?products_id=60114296
https://www.aurea-immobilier.fr/office5/aureaimmo_140824/catalog/images/pr_p/6/0/1/1/4/2/9/6/60114296b.jpg;Maison plain-pied La Couture Boussey 4 pièces 90 m2 2;maison-plain-pied-la-couture-b-60114296b.jpg;270100;https://www.aurea-immobilier.fr/ | https://www.aurea-immobilier.fr/catalog/annonce.php | https://www.aurea-immobilier.fr/catalog/products_print.php?products_id=60114296
https://www.aurea-immobilier.fr/office5/aureaimmo_140824/catalog/images/members/839238.jpg;Vincent MAUME;vincent-maume-839238.jpg;29920;https://www.aurea-immobilier.fr/ | https://www.aurea-immobilier.fr/catalog/annonce.php
https://www.aurea-immobilier.fr/office5/aureaimmo_140824/catalog/images/pr_p/6/1/4/8/3/1/5/9/61483159a.jpg;Appartement lumineux de 4 pièces à Mantes-la-Jolie;appartement-lumineux-de-4-piec-61483159a.jpg;195868;https://www.aurea-immobilier.fr/ | https://www.aurea-immobilier.fr/catalog/annonce.php | https://www.aurea-immobilier.fr/catalog/contact_us.php?manufacturer_id=385554&products_id=61483159 | https://www.aurea-immobilier.fr/catalog/products_print.php?products_id=61483159
https://www.aurea-immobilier.fr/office5/aureaimmo_140824/catalog/images/pr_p/6/1/4/8/3/1/5/9/61483159b.jpg;Appartement lumineux de 4 pièces à Mantes-la-Jolie 2;appartement-lumineux-de-4-piec-61483159b.jpg;198726;https://www.aurea-immobilier.fr/ | https://www.aurea-immobilier.fr/catalog/annonce.php | https://www.aurea-immobilier.fr/catalog/products_print.php?products_id=61483159
https://www.aurea-immobilier.fr/office5/aureaimmo_140824/catalog/images/pr_p/6/0/6/0/9/5/2/3/60609523a.jpg;APPARTEMENT - 3 PIÈCES - ANDRÉSY;appartement-3-pieces-andresy-60609523a.jpg;280426;https://www.aurea-immobilier.fr/ | https://www.aurea-immobilier.fr/catalog/annonce.php | https://www.aurea-immobilier.fr/catalog/contact_us.php?manufacturer_id=385554&products_id=60609523 | https://www.aurea-immobilier.fr/catalog/products_print.php?products_id=60609523
https://www.aurea-immobilier.fr/office5/aureaimmo_140824/catalog/images/pr_p/6/0/6/0/9/5/2/3/60609523b.jpg;APPARTEMENT - 3 PIÈCES - ANDRÉSY 2;appartement-3-pieces-andresy-2-60609523b.jpg;136116;https://www.aurea-immobilier.fr/ | https://www.aurea-immobilier.fr/catalog/annonce.php | https://www.aurea-immobilier.fr/catalog/products_print.php?products_id=60609523
https://www.aurea-immobilier.fr/office5/aureaimmo_140824/catalog/images/members/840371.jpg;Oriane Cherel;oriane-cherel-840371.jpg;62699;https://www.aurea-immobilier.fr/ | https://www.aurea-immobilier.fr/catalog/annonce.php
https://www.aurea-immobilier.fr/office5/aureaimmo_140824/catalog/images/pr_p/6/1/4/5/2/6/2/6/61452626a.jpg;MAISON FAMILIALE - 8 PIÈCES - MANTES LA VILLE;maison-familiale-8-pieces-mant-61452626a.jpg;189624;https://www.aurea-immobilier.fr/ | https://www.aurea-immobilier.fr/catalog/annonce.php | https://www.aurea-immobilier.fr/catalog/contact_us.php?manufacturer_id=385554&products_id=61452626 | https://www.aurea-immobilier.fr/catalog/products_print.php?products_id=61452626
https://www.aurea-immobilier.fr/office5/aureaimmo_140824/catalog/images/pr_p/6/1/4/5/2/6/2/6/61452626b.jpg;MAISON FAMILIALE - 8 PIÈCES - MANTES LA VILLE 2;maison-familiale-8-pieces-mant-61452626b.jpg;183637;https://www.aurea-immobilier.fr/ | https://www.aurea-immobilier.fr/catalog/annonce.php | https://www.aurea-immobilier.fr/catalog/products_print.php?products_id=61452626
https://www.aurea-immobilier.fr/office5/aureaimmo_140824/catalog/images/pr_p/6/0/1/8/5/1/5/7/60185157a.jpg;Maison 5 pièces, 3 chambres à Mantes-la-Jolie;maison-5-pieces-3-chambres-a-m-60185157a.jpg;293924;https://www.aurea-immobilier.fr/ | https://www.aurea-immobilier.fr/catalog/annonce.php | https://www.aurea-immobilier.fr/catalog/contact_us.php?manufacturer_id=385554&products_id=60185157 | https://www.aurea-immobilier.fr/catalog/products_print.php?products_id=60185157
https://www.aurea-immobilier.fr/office5/aureaimmo_140824/catalog/images/pr_p/6/0/1/8/5/1/5/7/60185157b.jpg;Maison 5 pièces, 3 chambres à Mantes-la-Jolie 2;maison-5-pieces-3-chambres-a-m-60185157b.jpg;495283;https://www.aurea-immobilier.fr/ | https://www.aurea-immobilier.fr/catalog/annonce.php | https://www.aurea-immobilier.fr/catalog/products_print.php?products_id=60185157
https://www.aurea-immobilier.fr/office5/aureaimmo_140824/catalog/images/pr_p/6/0/9/9/2/6/3/3/60992633a.jpg;Joli studio à Mantes-la-Jolie de 28 m2;joli-studio-a-mantes-la-jolie-60992633a.jpg;270656;https://www.aurea-immobilier.fr/ | https://www.aurea-immobilier.fr/catalog/annonce.php | https://www.aurea-immobilier.fr/catalog/contact_us.php?manufacturer_id=385554&products_id=60992633 | https://www.aurea-immobilier.fr/catalog/products_print.php?products_id=60992633
https://www.aurea-immobilier.fr/office5/aureaimmo_140824/catalog/images/pr_p/6/0/9/9/2/6/3/3/60992633b.jpg;Joli studio à Mantes-la-Jolie de 28 m2 2;joli-studio-a-mantes-la-jolie-60992633b.jpg;242344;https://www.aurea-immobilier.fr/ | https://www.aurea-immobilier.fr/catalog/annonce.php | https://www.aurea-immobilier.fr/catalog/products_print.php?products_id=60992633
https://www.aurea-immobilier.fr/office5/aureaimmo_140824/catalog/images/pr_p/5/9/5/1/4/6/2/6/59514626a.jpg;MAISON CHATOU - 5Pièces - RER A;maison-chatou-5pieces-rer-a-59514626a.jpg;1961269;https://www.aurea-immobilier.fr/ | https://www.aurea-immobilier.fr/catalog/annonce.php | https://www.aurea-immobilier.fr/catalog/contact_us.php?manufacturer_id=385554&products_id=59514626 | https://www.aurea-immobilier.fr/catalog/products_print.php?products_id=59514626
https://www.aurea-immobilier.fr/office5/aureaimmo_140824/catalog/images/pr_p/5/9/5/1/4/6/2/6/59514626b.jpg;MAISON CHATOU - 5Pièces - RER A 2;maison-chatou-5pieces-rer-a-2-59514626b.jpg;234914;https://www.aurea-immobilier.fr/ | https://www.aurea-immobilier.fr/catalog/annonce.php | https://www.aurea-immobilier.fr/catalog/products_print.php?products_id=59514626
https://www.aurea-immobilier.fr/office5/aureaimmo_140824/catalog/images/members/839239.jpg;Hélène VERMEIRE BENZ;helene-vermeire-benz-839239.jpg;83071;https://www.aurea-immobilier.fr/ | https://www.aurea-immobilier.fr/catalog/annonce.php
https://www.aurea-immobilier.fr/office5/aureaimmo_140824/catalog/images/pr_p/6/0/9/6/2/7/1/7/60962717a.jpg;APPARTEMENT - MANTES LA JOLIE - GARE;appartement-mantes-la-jolie-ga-60962717a.jpg;114339;https://www.aurea-immobilier.fr/ | https://www.aurea-immobilier.fr/catalog/annonce.php | https://www.aurea-immobilier.fr/catalog/products_print.php?products_id=60962717
https://www.aurea-immobilier.fr/office5/aureaimmo_140824/catalog/images/pr_p/6/0/9/6/2/7/1/7/60962717b.jpg;APPARTEMENT - MANTES LA JOLIE - GARE 2;appartement-mantes-la-jolie-ga-60962717b.jpg;95817;https://www.aurea-immobilier.fr/ | https://www.aurea-immobilier.fr/catalog/annonce.php | https://www.aurea-immobilier.fr/catalog/products_print.php?products_id=60962717
https://www.aurea-immobilier.fr/office5/aureaimmo_140824/catalog/images/pr_p/6/0/2/9/9/0/4/0/60299040a.jpg;MAISON - MÉRICOURT - 4 PIÈCES;maison-mericourt-4-pieces-60299040a.jpg;225083;https://www.aurea-immobilier.fr/ | https://www.aurea-immobilier.fr/catalog/annonce.php
https://www.aurea-immobilier.fr/office5/aureaimmo_140824/catalog/images/pr_p/6/0/2/9/9/0/4/0/60299040b.jpg;MAISON - MÉRICOURT - 4 PIÈCES 2;maison-mericourt-4-pieces-2-60299040b.jpg;367880;https://www.aurea-immobilier.fr/ | https://www.aurea-immobilier.fr/catalog/annonce.php
https://www.aurea-immobilier.fr/office5/aureaimmo_140824/catalog/images/CONTENT1.png;AUREA Immobilier;aurea-immobilier-content1.png;271262;https://www.aurea-immobilier.fr/
https://www.aurea-immobilier.fr/content/office5/aureaimmo_140824/catalog/images/aurea-logoe-ok.png;AUREA IMMOBILIER;(echec);0;https://www.aurea-immobilier.fr/content/5/notre-agence.html
https://logiciel.ac3.immo/office5/aureaimmo_140824/catalog/images/perso/PHOTO%20AGENCE%201.JPG;;photo-agence-1.jpg;230376;https://www.aurea-immobilier.fr/content/5/notre-agence.html
https://v2.immo-facile.com/office5/aureaimmo_140824/catalog/images/perso/PICTO1COUPE.png;;picto1coupe.png;51382;https://www.aurea-immobilier.fr/content/5/notre-agence.html
https://logiciel.ac3.immo/office5/aureaimmo_140824/catalog/images/perso/H%C3%89L%C3%88NE%20VERMEIRE%20BENZ.jpeg;Hélène VERMEIRE BENZ;helene-vermeire-benz-helene-vermeire-benz.jpeg;66598;https://www.aurea-immobilier.fr/content/5/notre-agence.html
https://v2.immo-facile.com/office5/aureaimmo_140824/catalog/images/perso/Vincent-.jpg;Vincent MAUME;vincent-maume-vincent.jpg;39248;https://www.aurea-immobilier.fr/content/5/notre-agence.html
https://logiciel.ac3.immo/office5/aureaimmo_140824/catalog/images/perso/Oriane%20CHEREL.jpeg;Oriane CHEREL;oriane-cherel-oriane-cherel.jpeg;35878;https://www.aurea-immobilier.fr/content/5/notre-agence.html
https://logiciel.ac3.immo/office5/aureaimmo_140824/catalog/images/perso/JUSTINE%20VITRY.jpeg;Justine VITRY;justine-vitry-justine-vitry.jpeg;45895;https://www.aurea-immobilier.fr/content/5/notre-agence.html
https://logiciel.ac3.immo/office5/aureaimmo_140824/catalog/images/perso/NATACHA%20LALY.jpeg;Natacha LALY;natacha-laly-natacha-laly.jpeg;32864;https://www.aurea-immobilier.fr/content/5/notre-agence.html
https://v2.immo-facile.com/office5/aureaimmo_140824/catalog/images/perso/Aimee.jpg;Aimée VAILLANT;aimee-vaillant-aimee.jpg;45043;https://www.aurea-immobilier.fr/content/5/notre-agence.html
https://logiciel.ac3.immo/office5/aureaimmo_140824/catalog/images/perso/Evan%20FERNANDES.jpeg;Evan FERNANDES;evan-fernandes-evan-fernandes.jpeg;47296;https://www.aurea-immobilier.fr/content/5/notre-agence.html
https://ac3.immo-facile.com/office5/aureaimmo_140824/catalog/images/perso/Jill.jpg;Jill THÉPAUT;jill-thepaut-jill.jpg;64589;https://www.aurea-immobilier.fr/content/5/notre-agence.html
https://v2.immo-facile.com/office5/aureaimmo_140824/catalog/images/perso/Marion.jpg;Marion NICAISE;marion-nicaise-marion.jpg;55100;https://www.aurea-immobilier.fr/content/5/notre-agence.html
https://www.aurea-immobilier.fr/annonces/office5/aureaimmo_140824/catalog/images/aurea-logoe-ok.png;AUREA IMMOBILIER;aurea-immobilier-aurea-logoe-ok-2.png;116368;https://www.aurea-immobilier.fr/../annonces/transaction_____2/vente.html | https://www.aurea-immobilier.fr/../annonces/transaction_____3/vente.html | https://www.aurea-immobilier.fr/annonces/agent/839238-vincent-maume.html | https://www.aurea-immobilier.fr/annonces/agent/839239-helene-vermeire-benz.html | https://www.aurea-immobilier.fr/annonces/agent/839241-evan-fernandes.html | https://www.aurea-immobilier.fr/annonces/agent/839272-justine-vitry.html | https://www.aurea-immobilier.fr/annonces/agent/839273-natacha-laly.html | https://www.aurea-immobilier.fr/annonces/agent/840371-oriane-cherel.html | https://www.aurea-immobilier.fr/annonces/agent/847433-aimee-vaillant.html | https://www.aurea-immobilier.fr/annonces/agent/869668-jill-thepaut.html | https://www.aurea-immobilier.fr/annonces/transaction/Location.html | https://www.aurea-immobilier.fr/annonces/transaction/Vente.html | https://www.aurea-immobilier.fr/annonces/transaction/contact_us.php?form=3
https://www.aurea-immobilier.fr/annonces/office5/aureaimmo_140824/catalog/images/pr_p/6/0/1/1/4/2/9/6/60114296a.jpg;Maison plain-pied La Couture Boussey 4 pièces 90 m2;maison-plain-pied-la-couture-b-60114296a-2.jpg;116347;https://www.aurea-immobilier.fr/annonces/agent/839238-vincent-maume.html | https://www.aurea-immobilier.fr/annonces/transaction/Vente.html | https://www.aurea-immobilier.fr/annonces/transaction/contact_us.php?form=3
https://www.aurea-immobilier.fr/annonces/office5/aureaimmo_140824/catalog/images/pr_p/6/0/1/1/4/2/9/6/60114296b.jpg;Maison plain-pied La Couture Boussey 4 pièces 90 m2 2;aurea-immobilier-aurea-logoe-ok-2.png;116368;https://www.aurea-immobilier.fr/annonces/agent/839238-vincent-maume.html | https://www.aurea-immobilier.fr/annonces/transaction/Vente.html | https://www.aurea-immobilier.fr/annonces/transaction/contact_us.php?form=3
https://www.aurea-immobilier.fr/annonces/office5/aureaimmo_140824/catalog/images/members/839238.jpg;Vincent MAUME;aurea-immobilier-aurea-logoe-ok-2.png;116368;https://www.aurea-immobilier.fr/../annonces/transaction_____2/vente.html | https://www.aurea-immobilier.fr/annonces/agent/839238-vincent-maume.html | https://www.aurea-immobilier.fr/annonces/transaction/Location.html | https://www.aurea-immobilier.fr/annonces/transaction/Vente.html | https://www.aurea-immobilier.fr/annonces/transaction/contact_us.php?form=3
https://www.aurea-immobilier.fr/annonces/office5/aureaimmo_140824/catalog/images/pr_p/5/6/3/4/4/0/0/4/56344004a.jpg;MAISON - ROSNY SUR SEINE - 6Pièces;aurea-immobilier-aurea-logoe-ok-2.png;116368;https://www.aurea-immobilier.fr/annonces/agent/840371-oriane-cherel.html | https://www.aurea-immobilier.fr/annonces/transaction/Vente.html | https://www.aurea-immobilier.fr/annonces/transaction/contact_us.php?form=3
https://www.aurea-immobilier.fr/annonces/office5/aureaimmo_140824/catalog/images/pr_p/5/6/3/4/4/0/0/4/56344004b.jpg;MAISON - ROSNY SUR SEINE - 6Pièces 2;aurea-immobilier-aurea-logoe-ok-2.png;116368;https://www.aurea-immobilier.fr/annonces/agent/840371-oriane-cherel.html | https://www.aurea-immobilier.fr/annonces/transaction/Vente.html | https://www.aurea-immobilier.fr/annonces/transaction/contact_us.php?form=3
https://www.aurea-immobilier.fr/annonces/office5/aureaimmo_140824/catalog/images/members/840371.jpg;Oriane Cherel;aurea-immobilier-aurea-logoe-ok-2.png;116368;https://www.aurea-immobilier.fr/../annonces/transaction_____2/vente.html | https://www.aurea-immobilier.fr/../annonces/transaction_____3/vente.html | https://www.aurea-immobilier.fr/annonces/agent/840371-oriane-cherel.html | https://www.aurea-immobilier.fr/annonces/transaction/Vente.html | https://www.aurea-immobilier.fr/annonces/transaction/contact_us.php?form=3
https://www.aurea-immobilier.fr/annonces/office5/aureaimmo_140824/catalog/images/pr_p/6/1/4/9/6/5/4/4/61496544a.jpg;ENSEMBLE IMMOBILIER - VIENNES EN ARTHIES - 3MAISONS;aurea-immobilier-aurea-logoe-ok-2.png;116368;https://www.aurea-immobilier.fr/annonces/agent/839239-helene-vermeire-benz.html | https://www.aurea-immobilier.fr/annonces/transaction/Vente.html | https://www.aurea-immobilier.fr/annonces/transaction/contact_us.php?form=3
https://www.aurea-immobilier.fr/annonces/office5/aureaimmo_140824/catalog/images/pr_p/6/1/4/9/6/5/4/4/61496544b.jpg;ENSEMBLE IMMOBILIER - VIENNES EN ARTHIES - 3MAISONS 2;aurea-immobilier-aurea-logoe-ok-2.png;116368;https://www.aurea-immobilier.fr/annonces/agent/839239-helene-vermeire-benz.html | https://www.aurea-immobilier.fr/annonces/transaction/Vente.html | https://www.aurea-immobilier.fr/annonces/transaction/contact_us.php?form=3
https://www.aurea-immobilier.fr/annonces/office5/aureaimmo_140824/catalog/images/members/839239.jpg;Hélène VERMEIRE BENZ;aurea-immobilier-aurea-logoe-ok-2.png;116368;https://www.aurea-immobilier.fr/../annonces/transaction_____2/vente.html | https://www.aurea-immobilier.fr/../annonces/transaction_____3/vente.html | https://www.aurea-immobilier.fr/annonces/agent/839239-helene-vermeire-benz.html | https://www.aurea-immobilier.fr/annonces/transaction/Vente.html | https://www.aurea-immobilier.fr/annonces/transaction/contact_us.php?form=3
https://www.aurea-immobilier.fr/annonces/office5/aureaimmo_140824/catalog/images/pr_p/6/1/1/8/0/4/6/1/61180461a.jpg;MAISON EN PIERRE AVEC DEPENDANCE - VIENNES EN ARTHIES - 8Pièces;aurea-immobilier-aurea-logoe-ok-2.png;116368;https://www.aurea-immobilier.fr/annonces/agent/839239-helene-vermeire-benz.html | https://www.aurea-immobilier.fr/annonces/transaction/Vente.html | https://www.aurea-immobilier.fr/annonces/transaction/contact_us.php?form=3
https://www.aurea-immobilier.fr/annonces/office5/aureaimmo_140824/catalog/images/pr_p/6/1/1/8/0/4/6/1/61180461b.jpg;MAISON EN PIERRE AVEC DEPENDANCE - VIENNES EN ARTHIES - 8Pièces 2;aurea-immobilier-aurea-logoe-ok-2.png;116368;https://www.aurea-immobilier.fr/annonces/agent/839239-helene-vermeire-benz.html | https://www.aurea-immobilier.fr/annonces/transaction/Vente.html | https://www.aurea-immobilier.fr/annonces/transaction/contact_us.php?form=3
https://www.aurea-immobilier.fr/annonces/office5/aureaimmo_140824/catalog/images/pr_p/6/1/4/9/3/0/7/0/61493070a.jpg;MAISON - VIENNES EN ARTHIES - 5Pièces;aurea-immobilier-aurea-logoe-ok-2.png;116368;https://www.aurea-immobilier.fr/annonces/agent/839239-helene-vermeire-benz.html | https://www.aurea-immobilier.fr/annonces/transaction/Vente.html | https://www.aurea-immobilier.fr/annonces/transaction/contact_us.php?form=3
https://www.aurea-immobilier.fr/annonces/office5/aureaimmo_140824/catalog/images/pr_p/6/1/4/9/3/0/7/0/61493070b.jpg;MAISON - VIENNES EN ARTHIES - 5Pièces 2;aurea-immobilier-aurea-logoe-ok-2.png;116368;https://www.aurea-immobilier.fr/annonces/agent/839239-helene-vermeire-benz.html | https://www.aurea-immobilier.fr/annonces/transaction/Vente.html | https://www.aurea-immobilier.fr/annonces/transaction/contact_us.php?form=3
https://www.aurea-immobilier.fr/annonces/office5/aureaimmo_140824/catalog/images/pr_p/5/9/1/7/4/3/9/4/59174394a.jpg;APPARTEMENT - CENTRE VILLE - 3Pièces;aurea-immobilier-aurea-logoe-ok-2.png;116368;https://www.aurea-immobilier.fr/annonces/agent/839241-evan-fernandes.html | https://www.aurea-immobilier.fr/annonces/transaction/Vente.html | https://www.aurea-immobilier.fr/annonces/transaction/contact_us.php?form=3
https://www.aurea-immobilier.fr/annonces/office5/aureaimmo_140824/catalog/images/pr_p/5/9/1/7/4/3/9/4/59174394b.jpg;APPARTEMENT - CENTRE VILLE - 3Pièces 2;maison-plain-pied-la-couture-b-60114296a-2.jpg;116347;https://www.aurea-immobilier.fr/annonces/agent/839241-evan-fernandes.html | https://www.aurea-immobilier.fr/annonces/transaction/Vente.html | https://www.aurea-immobilier.fr/annonces/transaction/contact_us.php?form=3
https://www.aurea-immobilier.fr/annonces/office5/aureaimmo_140824/catalog/images/members/839241.jpg;Evan FERNANDES;aurea-immobilier-aurea-logoe-ok-2.png;116368;https://www.aurea-immobilier.fr/../annonces/transaction_____2/vente.html | https://www.aurea-immobilier.fr/annonces/agent/839241-evan-fernandes.html | https://www.aurea-immobilier.fr/annonces/transaction/Vente.html | https://www.aurea-immobilier.fr/annonces/transaction/contact_us.php?form=3
https://www.aurea-immobilier.fr/annonces/office5/aureaimmo_140824/catalog/images/pr_p/6/1/4/5/7/5/2/9/61457529a.jpg;APPARTEMENT - LIMAY - 4Pièces;aurea-immobilier-aurea-logoe-ok-2.png;116368;https://www.aurea-immobilier.fr/annonces/agent/839241-evan-fernandes.html | https://www.aurea-immobilier.fr/annonces/transaction/Vente.html | https://www.aurea-immobilier.fr/annonces/transaction/contact_us.php?form=3
https://www.aurea-immobilier.fr/annonces/office5/aureaimmo_140824/catalog/images/pr_p/6/1/4/5/7/5/2/9/61457529b.jpg;APPARTEMENT - LIMAY - 4Pièces 2;aurea-immobilier-aurea-logoe-ok-2.png;116368;https://www.aurea-immobilier.fr/annonces/agent/839241-evan-fernandes.html | https://www.aurea-immobilier.fr/annonces/transaction/Vente.html | https://www.aurea-immobilier.fr/annonces/transaction/contact_us.php?form=3
https://www.aurea-immobilier.fr/annonces/office5/aureaimmo_140824/catalog/images/pr_p/6/0/7/0/6/4/5/1/60706451a.jpg;Maison à rénover - Mantes-la-Jolie - 5 pièces;aurea-immobilier-aurea-logoe-ok-2.png;116368;https://www.aurea-immobilier.fr/annonces/agent/839272-justine-vitry.html | https://www.aurea-immobilier.fr/annonces/transaction/Vente.html | https://www.aurea-immobilier.fr/annonces/transaction/contact_us.php?form=3
https://www.aurea-immobilier.fr/annonces/office5/aureaimmo_140824/catalog/images/pr_p/6/0/7/0/6/4/5/1/60706451c.jpg;Maison à rénover - Mantes-la-Jolie - 5 pièces 2;aurea-immobilier-aurea-logoe-ok-2.png;116368;https://www.aurea-immobilier.fr/annonces/agent/839272-justine-vitry.html | https://www.aurea-immobilier.fr/annonces/transaction/Vente.html | https://www.aurea-immobilier.fr/annonces/transaction/contact_us.php?form=3
https://www.aurea-immobilier.fr/annonces/office5/aureaimmo_140824/catalog/images/members/839272.jpg;Justine Vitry;aurea-immobilier-aurea-logoe-ok-2.png;116368;https://www.aurea-immobilier.fr/../annonces/transaction_____2/vente.html | https://www.aurea-immobilier.fr/annonces/agent/839272-justine-vitry.html | https://www.aurea-immobilier.fr/annonces/transaction/Vente.html | https://www.aurea-immobilier.fr/annonces/transaction/contact_us.php?form=3
https://www.aurea-immobilier.fr/annonces/office5/aureaimmo_140824/catalog/images/pr_p/6/1/1/8/1/1/1/0/61181110a.jpg;APPARTEMENT T2 - MANTES LA JOLIE;aurea-immobilier-aurea-logoe-ok-2.png;116368;https://www.aurea-immobilier.fr/annonces/agent/869668-jill-thepaut.html | https://www.aurea-immobilier.fr/annonces/transaction/Vente.html | https://www.aurea-immobilier.fr/annonces/transaction/contact_us.php?form=3
https://www.aurea-immobilier.fr/annonces/office5/aureaimmo_140824/catalog/images/pr_p/6/1/1/8/1/1/1/0/61181110b.jpg;APPARTEMENT T2 - MANTES LA JOLIE 2;aurea-immobilier-aurea-logoe-ok-2.png;116368;https://www.aurea-immobilier.fr/annonces/agent/869668-jill-thepaut.html | https://www.aurea-immobilier.fr/annonces/transaction/Vente.html | https://www.aurea-immobilier.fr/annonces/transaction/contact_us.php?form=3
https://www.aurea-immobilier.fr/annonces/transaction/images/no-picture.svg;Jill Thepaut;jill-thepaut-no-picture.svg;434937;https://www.aurea-immobilier.fr/annonces/transaction/Vente.html | https://www.aurea-immobilier.fr/annonces/transaction/contact_us.php?form=3
https://www.aurea-immobilier.fr/annonces/office5/aureaimmo_140824/catalog/images/pr_p/6/0/6/0/9/5/2/3/60609523a.jpg;APPARTEMENT - 3 PIÈCES - ANDRÉSY;maison-plain-pied-la-couture-b-60114296a-2.jpg;116347;https://www.aurea-immobilier.fr/annonces/agent/840371-oriane-cherel.html | https://www.aurea-immobilier.fr/annonces/transaction/Vente.html | https://www.aurea-immobilier.fr/annonces/transaction/contact_us.php?form=3
https://www.aurea-immobilier.fr/annonces/office5/aureaimmo_140824/catalog/images/pr_p/6/0/6/0/9/5/2/3/60609523b.jpg;APPARTEMENT - 3 PIÈCES - ANDRÉSY 2;aurea-immobilier-aurea-logoe-ok-2.png;116368;https://www.aurea-immobilier.fr/annonces/agent/840371-oriane-cherel.html | https://www.aurea-immobilier.fr/annonces/transaction/Vente.html | https://www.aurea-immobilier.fr/annonces/transaction/contact_us.php?form=3
https://www.aurea-immobilier.fr/annonces/office5/aureaimmo_140824/catalog/images/pr_p/6/0/0/3/2/4/4/0/60032440a.jpg;Maison Grisy-les-Platres 8 pièces - 5 chambres 145m2;aurea-immobilier-aurea-logoe-ok-2.png;116368;https://www.aurea-immobilier.fr/annonces/agent/847433-aimee-vaillant.html | https://www.aurea-immobilier.fr/annonces/transaction/Vente.html | https://www.aurea-immobilier.fr/annonces/transaction/contact_us.php?form=3
https://www.aurea-immobilier.fr/annonces/office5/aureaimmo_140824/catalog/images/pr_p/6/0/0/3/2/4/4/0/60032440b.jpg;Maison Grisy-les-Platres 8 pièces - 5 chambres 145m2 2;aurea-immobilier-aurea-logoe-ok-2.png;116368;https://www.aurea-immobilier.fr/annonces/agent/847433-aimee-vaillant.html | https://www.aurea-immobilier.fr/annonces/transaction/Vente.html | https://www.aurea-immobilier.fr/annonces/transaction/contact_us.php?form=3
https://www.aurea-immobilier.fr/annonces/office5/aureaimmo_140824/catalog/images/members/847433.jpg;Aimée VAILLANT;aurea-immobilier-aurea-logoe-ok-2.png;116368;https://www.aurea-immobilier.fr/../annonces/transaction_____2/vente.html | https://www.aurea-immobilier.fr/annonces/agent/847433-aimee-vaillant.html | https://www.aurea-immobilier.fr/annonces/transaction/Vente.html | https://www.aurea-immobilier.fr/annonces/transaction/contact_us.php?form=3
https://www.aurea-immobilier.fr/annonces/office5/aureaimmo_140824/catalog/images/pr_p/6/1/4/5/2/6/2/6/61452626a.jpg;MAISON FAMILIALE - 8 PIÈCES - MANTES LA VILLE;aurea-immobilier-aurea-logoe-ok-2.png;116368;https://www.aurea-immobilier.fr/annonces/agent/840371-oriane-cherel.html | https://www.aurea-immobilier.fr/annonces/transaction/Vente.html | https://www.aurea-immobilier.fr/annonces/transaction/contact_us.php?form=3
https://www.aurea-immobilier.fr/annonces/office5/aureaimmo_140824/catalog/images/pr_p/6/1/4/5/2/6/2/6/61452626b.jpg;MAISON FAMILIALE - 8 PIÈCES - MANTES LA VILLE 2;aurea-immobilier-aurea-logoe-ok-2.png;116368;https://www.aurea-immobilier.fr/annonces/agent/840371-oriane-cherel.html | https://www.aurea-immobilier.fr/annonces/transaction/Vente.html | https://www.aurea-immobilier.fr/annonces/transaction/contact_us.php?form=3
https://www.aurea-immobilier.fr/annonces/office5/aureaimmo_140824/catalog/images/pr_p/6/1/1/6/1/0/7/7/61161077a.jpg;Appartement à Mantes-La-Jolie de 3 pièces (49m2);aurea-immobilier-aurea-logoe-ok-2.png;116368;https://www.aurea-immobilier.fr/annonces/agent/839238-vincent-maume.html | https://www.aurea-immobilier.fr/annonces/transaction/Vente.html | https://www.aurea-immobilier.fr/annonces/transaction/contact_us.php?form=3
https://www.aurea-immobilier.fr/annonces/office5/aureaimmo_140824/catalog/images/pr_p/6/1/1/6/1/0/7/7/61161077b.jpg;Appartement à Mantes-La-Jolie de 3 pièces (49m2) 2;aurea-immobilier-aurea-logoe-ok-2.png;116368;https://www.aurea-immobilier.fr/annonces/agent/839238-vincent-maume.html | https://www.aurea-immobilier.fr/annonces/transaction/Vente.html | https://www.aurea-immobilier.fr/annonces/transaction/contact_us.php?form=3
https://www.aurea-immobilier.fr/annonces/office5/aureaimmo_140824/catalog/images/pr_p/6/0/1/8/5/1/5/7/60185157a.jpg;Maison 5 pièces, 3 chambres à Mantes-la-Jolie;aurea-immobilier-aurea-logoe-ok-2.png;116368;https://www.aurea-immobilier.fr/annonces/agent/839238-vincent-maume.html | https://www.aurea-immobilier.fr/annonces/transaction/Vente.html | https://www.aurea-immobilier.fr/annonces/transaction/contact_us.php?form=3
https://www.aurea-immobilier.fr/annonces/office5/aureaimmo_140824/catalog/images/pr_p/6/0/1/8/5/1/5/7/60185157b.jpg;Maison 5 pièces, 3 chambres à Mantes-la-Jolie 2;aurea-immobilier-aurea-logoe-ok-2.png;116368;https://www.aurea-immobilier.fr/annonces/agent/839238-vincent-maume.html | https://www.aurea-immobilier.fr/annonces/transaction/Vente.html | https://www.aurea-immobilier.fr/annonces/transaction/contact_us.php?form=3
https://www.aurea-immobilier.fr/annonces/office5/aureaimmo_140824/catalog/images/pr_p/6/0/9/9/2/6/3/3/60992633a.jpg;Joli studio à Mantes-la-Jolie de 28 m2;aurea-immobilier-aurea-logoe-ok-2.png;116368;https://www.aurea-immobilier.fr/annonces/agent/839238-vincent-maume.html | https://www.aurea-immobilier.fr/annonces/transaction/Vente.html | https://www.aurea-immobilier.fr/annonces/transaction/contact_us.php?form=3
https://www.aurea-immobilier.fr/annonces/office5/aureaimmo_140824/catalog/images/pr_p/6/0/9/9/2/6/3/3/60992633b.jpg;Joli studio à Mantes-la-Jolie de 28 m2 2;aurea-immobilier-aurea-logoe-ok-2.png;116368;https://www.aurea-immobilier.fr/annonces/agent/839238-vincent-maume.html | https://www.aurea-immobilier.fr/annonces/transaction/Vente.html | https://www.aurea-immobilier.fr/annonces/transaction/contact_us.php?form=3
https://www.aurea-immobilier.fr/annonces/office5/aureaimmo_140824/catalog/images/pr_p/5/9/5/1/4/6/2/6/59514626a.jpg;MAISON CHATOU - 5Pièces - RER A;aurea-immobilier-aurea-logoe-ok-2.png;116368;https://www.aurea-immobilier.fr/annonces/agent/839239-helene-vermeire-benz.html | https://www.aurea-immobilier.fr/annonces/transaction/Vente.html | https://www.aurea-immobilier.fr/annonces/transaction/contact_us.php?form=3
https://www.aurea-immobilier.fr/annonces/office5/aureaimmo_140824/catalog/images/pr_p/5/9/5/1/4/6/2/6/59514626b.jpg;MAISON CHATOU - 5Pièces - RER A 2;aurea-immobilier-aurea-logoe-ok-2.png;116368;https://www.aurea-immobilier.fr/annonces/agent/839239-helene-vermeire-benz.html | https://www.aurea-immobilier.fr/annonces/transaction/Vente.html | https://www.aurea-immobilier.fr/annonces/transaction/contact_us.php?form=3
https://www.aurea-immobilier.fr/annonces/office5/aureaimmo_140824/catalog/images/pr_p/6/1/1/4/8/7/0/4/61148704a.jpg;APPARTEMENT Dernier étage - PONTOISE - 3Pièces;aurea-immobilier-aurea-logoe-ok-2.png;116368;https://www.aurea-immobilier.fr/annonces/agent/839239-helene-vermeire-benz.html | https://www.aurea-immobilier.fr/annonces/transaction/Vente.html | https://www.aurea-immobilier.fr/annonces/transaction/contact_us.php?form=3
https://www.aurea-immobilier.fr/annonces/office5/aureaimmo_140824/catalog/images/pr_p/6/1/1/4/8/7/0/4/61148704b.jpg;APPARTEMENT Dernier étage - PONTOISE - 3Pièces  2;aurea-immobilier-aurea-logoe-ok-2.png;116368;https://www.aurea-immobilier.fr/annonces/agent/839239-helene-vermeire-benz.html | https://www.aurea-immobilier.fr/annonces/transaction/Vente.html | https://www.aurea-immobilier.fr/annonces/transaction/contact_us.php?form=3
https://www.aurea-immobilier.fr/annonces/office5/aureaimmo_140824/catalog/images/pr_p/6/0/2/5/6/7/5/9/60256759a.jpg;MAISON- FAVRIEUX - 11 Pièces  350m²;aurea-immobilier-aurea-logoe-ok-2.png;116368;https://www.aurea-immobilier.fr/annonces/agent/847433-aimee-vaillant.html | https://www.aurea-immobilier.fr/annonces/transaction/Vente.html | https://www.aurea-immobilier.fr/annonces/transaction/contact_us.php?form=3
https://www.aurea-immobilier.fr/annonces/office5/aureaimmo_140824/catalog/images/pr_p/6/0/2/5/6/7/5/9/60256759b.jpg;MAISON- FAVRIEUX - 11 Pièces  350m² 2;aurea-immobilier-aurea-logoe-ok-2.png;116368;https://www.aurea-immobilier.fr/annonces/agent/847433-aimee-vaillant.html | https://www.aurea-immobilier.fr/annonces/transaction/Vente.html | https://www.aurea-immobilier.fr/annonces/transaction/contact_us.php?form=3
https://www.aurea-immobilier.fr/annonces/office5/aureaimmo_140824/catalog/images/pr_p/6/0/9/6/2/7/1/7/60962717a.jpg;APPARTEMENT - MANTES LA JOLIE - GARE;aurea-immobilier-aurea-logoe-ok-2.png;116368;https://www.aurea-immobilier.fr/annonces/agent/840371-oriane-cherel.html | https://www.aurea-immobilier.fr/annonces/transaction/Vente.html | https://www.aurea-immobilier.fr/annonces/transaction/contact_us.php?form=3
https://www.aurea-immobilier.fr/annonces/office5/aureaimmo_140824/catalog/images/pr_p/6/0/9/6/2/7/1/7/60962717b.jpg;APPARTEMENT - MANTES LA JOLIE - GARE 2;aurea-immobilier-aurea-logoe-ok-2.png;116368;https://www.aurea-immobilier.fr/annonces/agent/840371-oriane-cherel.html | https://www.aurea-immobilier.fr/annonces/transaction/Vente.html | https://www.aurea-immobilier.fr/annonces/transaction/contact_us.php?form=3
https://www.aurea-immobilier.fr/annonces/office5/aureaimmo_140824/catalog/images/pr_p/6/0/9/7/4/1/4/9/60974149a.jpg;MAISON - FOLLAINVILLE DENNEMONT - 6Pièces;aurea-immobilier-aurea-logoe-ok-2.png;116368;https://www.aurea-immobilier.fr/annonces/agent/839239-helene-vermeire-benz.html | https://www.aurea-immobilier.fr/annonces/transaction/Vente.html | https://www.aurea-immobilier.fr/annonces/transaction/contact_us.php?form=3
https://www.aurea-immobilier.fr/annonces/office5/aureaimmo_140824/catalog/images/pr_p/6/0/9/7/4/1/4/9/60974149b.jpg;MAISON - FOLLAINVILLE DENNEMONT - 6Pièces 2;aurea-immobilier-aurea-logoe-ok-2.png;116368;https://www.aurea-immobilier.fr/annonces/agent/839239-helene-vermeire-benz.html | https://www.aurea-immobilier.fr/annonces/transaction/Vente.html | https://www.aurea-immobilier.fr/annonces/transaction/contact_us.php?form=3
https://www.aurea-immobilier.fr/annonces/office5/aureaimmo_140824/catalog/images/pr_p/6/0/5/1/7/2/4/8/60517248a.jpg;MAISON - MÉRICOURT - 4 PIÈCES;maison-plain-pied-la-couture-b-60114296a-2.jpg;116347;https://www.aurea-immobilier.fr/annonces/agent/840371-oriane-cherel.html | https://www.aurea-immobilier.fr/annonces/transaction/Vente.html | https://www.aurea-immobilier.fr/annonces/transaction/contact_us.php?form=3
https://www.aurea-immobilier.fr/annonces/office5/aureaimmo_140824/catalog/images/pr_p/6/0/5/1/7/2/4/8/60517248b.jpg;MAISON - MÉRICOURT - 4 PIÈCES 2;aurea-immobilier-aurea-logoe-ok-2.png;116368;https://www.aurea-immobilier.fr/annonces/agent/840371-oriane-cherel.html | https://www.aurea-immobilier.fr/annonces/transaction/Vente.html | https://www.aurea-immobilier.fr/annonces/transaction/contact_us.php?form=3
https://www.aurea-immobilier.fr/annonces/office5/aureaimmo_140824/catalog/images/pr_p/6/0/2/5/7/2/6/9/60257269a.jpg;Appartement Mantes La Jolie 5 pièces de 93,6 m2;aurea-immobilier-aurea-logoe-ok-2.png;116368;https://www.aurea-immobilier.fr/annonces/agent/839238-vincent-maume.html | https://www.aurea-immobilier.fr/annonces/transaction/Vente.html | https://www.aurea-immobilier.fr/annonces/transaction/contact_us.php?form=3
https://www.aurea-immobilier.fr/annonces/office5/aureaimmo_140824/catalog/images/pr_p/6/0/2/5/7/2/6/9/60257269b.jpg;Appartement Mantes La Jolie 5 pièces de 93,6 m2 2;aurea-immobilier-aurea-logoe-ok-2.png;116368;https://www.aurea-immobilier.fr/annonces/agent/839238-vincent-maume.html | https://www.aurea-immobilier.fr/annonces/transaction/Vente.html | https://www.aurea-immobilier.fr/annonces/transaction/contact_us.php?form=3
https://www.aurea-immobilier.fr/annonces/office5/aureaimmo_140824/catalog/images/pr_p/5/9/4/9/7/6/1/9/59497619a.jpg;APPARTEMENT DUPLEX  - MANTES LA VILLE - Centre Ville - 6Pièces;aurea-immobilier-aurea-logoe-ok-2.png;116368;https://www.aurea-immobilier.fr/annonces/agent/839241-evan-fernandes.html | https://www.aurea-immobilier.fr/annonces/transaction/Vente.html | https://www.aurea-immobilier.fr/annonces/transaction/contact_us.php?form=3
https://www.aurea-immobilier.fr/annonces/office5/aureaimmo_140824/catalog/images/pr_p/5/9/4/9/7/6/1/9/59497619b.jpg;APPARTEMENT DUPLEX  - MANTES LA VILLE - Centre Ville - 6Pièces 2;aurea-immobilier-aurea-logoe-ok-2.png;116368;https://www.aurea-immobilier.fr/annonces/agent/839241-evan-fernandes.html | https://www.aurea-immobilier.fr/annonces/transaction/Vente.html | https://www.aurea-immobilier.fr/annonces/transaction/contact_us.php?form=3
https://www.aurea-immobilier.fr/annonces/office5/aureaimmo_140824/catalog/images/pr_p/6/0/2/9/9/0/4/0/60299040a.jpg;MAISON - MÉRICOURT - 4 PIÈCES;maison-plain-pied-la-couture-b-60114296a-2.jpg;116347;https://www.aurea-immobilier.fr/annonces/agent/840371-oriane-cherel.html | https://www.aurea-immobilier.fr/annonces/transaction/Vente.html | https://www.aurea-immobilier.fr/annonces/transaction/contact_us.php?form=3
https://www.aurea-immobilier.fr/annonces/office5/aureaimmo_140824/catalog/images/pr_p/6/0/2/9/9/0/4/0/60299040b.jpg;MAISON - MÉRICOURT - 4 PIÈCES 2;aurea-immobilier-aurea-logoe-ok-2.png;116368;https://www.aurea-immobilier.fr/annonces/agent/840371-oriane-cherel.html | https://www.aurea-immobilier.fr/annonces/transaction/Vente.html | https://www.aurea-immobilier.fr/annonces/transaction/contact_us.php?form=3
https://www.aurea-immobilier.fr/annonces/office5/aureaimmo_140824/catalog/images/pr_p/6/0/7/9/0/0/2/8/60790028a.jpg;MAISON - REILLY - 9Pièces;aurea-immobilier-aurea-logoe-ok-2.png;116368;https://www.aurea-immobilier.fr/annonces/agent/839239-helene-vermeire-benz.html | https://www.aurea-immobilier.fr/annonces/transaction/Vente.html
https://www.aurea-immobilier.fr/annonces/office5/aureaimmo_140824/catalog/images/pr_p/6/0/7/9/0/0/2/8/60790028b.jpg;MAISON - REILLY - 9Pièces 2;aurea-immobilier-aurea-logoe-ok-2.png;116368;https://www.aurea-immobilier.fr/annonces/agent/839239-helene-vermeire-benz.html | https://www.aurea-immobilier.fr/annonces/transaction/Vente.html
https://www.aurea-immobilier.fr/annonces/office5/aureaimmo_140824/catalog/images/pr_p/6/1/4/8/3/1/5/9/61483159a.jpg;Appartement lumineux de 4 pièces à Mantes-la-Jolie;aurea-immobilier-aurea-logoe-ok-2.png;116368;https://www.aurea-immobilier.fr/annonces/agent/839238-vincent-maume.html | https://www.aurea-immobilier.fr/annonces/transaction/Location.html | https://www.aurea-immobilier.fr/annonces/transaction/contact_us.php?form=3
https://www.aurea-immobilier.fr/annonces/office5/aureaimmo_140824/catalog/images/pr_p/6/1/4/8/3/1/5/9/61483159b.jpg;Appartement lumineux de 4 pièces à Mantes-la-Jolie 2;aurea-immobilier-aurea-logoe-ok-2.png;116368;https://www.aurea-immobilier.fr/annonces/agent/839238-vincent-maume.html | https://www.aurea-immobilier.fr/annonces/transaction/Location.html | https://www.aurea-immobilier.fr/annonces/transaction/contact_us.php?form=3
https://www.aurea-immobilier.fr/annonces/office5/aureaimmo_140824/catalog/images/pr_p/5/8/8/2/4/1/2/1/58824121a.jpg;Studio disponible à la location sur Evreux;aurea-immobilier-aurea-logoe-ok-2.png;116368;https://www.aurea-immobilier.fr/annonces/agent/839238-vincent-maume.html | https://www.aurea-immobilier.fr/annonces/transaction/Location.html
https://www.aurea-immobilier.fr/annonces/office5/aureaimmo_140824/catalog/images/pr_p/5/8/8/2/4/1/2/1/58824121b.jpg;Studio disponible à la location sur Evreux 2;aurea-immobilier-aurea-logoe-ok-2.png;116368;https://www.aurea-immobilier.fr/annonces/agent/839238-vincent-maume.html | https://www.aurea-immobilier.fr/annonces/transaction/Location.html
https://www.aurea-immobilier.fr/office5/aureaimmo_140824/catalog/images/pr_p/6/0/1/6/0/7/2/3/60160723a.jpg;Appartement Mantes La Jolie 3 pièce(s) 57.92 m2;appartement-mantes-la-jolie-3-60160723a.jpg;226946;https://www.aurea-immobilier.fr/catalog/products_selled.php
https://www.aurea-immobilier.fr/office5/aureaimmo_140824/catalog/images/pr_p/6/0/1/6/0/7/2/3/60160723b.jpg;Appartement Mantes La Jolie 3 pièce(s) 57.92 m2 2;appartement-mantes-la-jolie-3-60160723b.jpg;193761;https://www.aurea-immobilier.fr/catalog/products_selled.php
https://www.aurea-immobilier.fr/office5/aureaimmo_140824/catalog/images/pr_p/6/0/9/0/6/4/6/0/60906460a.jpg;APPARTEMENT - MANTES LA JOLIE - GARE - 2Pièces;appartement-mantes-la-jolie-ga-60906460a.jpg;136626;https://www.aurea-immobilier.fr/catalog/products_selled.php
https://www.aurea-immobilier.fr/office5/aureaimmo_140824/catalog/images/pr_p/6/0/9/0/6/4/6/0/60906460b.jpg;APPARTEMENT - MANTES LA JOLIE - GARE - 2Pièces 2;appartement-mantes-la-jolie-ga-60906460b.jpg;145691;https://www.aurea-immobilier.fr/catalog/products_selled.php
https://www.aurea-immobilier.fr/office5/aureaimmo_140824/catalog/images/pr_p/6/0/8/2/8/2/7/6/60828276a.jpg;APPARTEMENT - MANTES LA JOLIE - BORDS DE SEINE - 3Pièces;appartement-mantes-la-jolie-bo-60828276a.jpg;184216;https://www.aurea-immobilier.fr/catalog/products_selled.php
https://www.aurea-immobilier.fr/office5/aureaimmo_140824/catalog/images/pr_p/6/0/8/2/8/2/7/6/60828276b.jpg;APPARTEMENT - MANTES LA JOLIE - BORDS DE SEINE - 3Pièces 2;appartement-mantes-la-jolie-bo-60828276b.jpg;119398;https://www.aurea-immobilier.fr/catalog/products_selled.php
https://www.aurea-immobilier.fr/office5/aureaimmo_140824/catalog/images/pr_p/5/8/8/6/4/2/0/9/58864209a.jpg;MAISON - VERNEUIL SUR SEINE - 5 pIèces;maison-verneuil-sur-seine-5-pi-58864209a.jpg;157730;https://www.aurea-immobilier.fr/catalog/products_selled.php
https://www.aurea-immobilier.fr/office5/aureaimmo_140824/catalog/images/pr_p/5/8/8/6/4/2/0/9/58864209b.jpg;MAISON - VERNEUIL SUR SEINE - 5 pIèces 2;maison-verneuil-sur-seine-5-pi-58864209b.jpg;152121;https://www.aurea-immobilier.fr/catalog/products_selled.php
https://www.aurea-immobilier.fr/office5/aureaimmo_140824/catalog/images/pr_p/6/1/5/0/7/4/9/7/61507497a.jpg;Appartement  1 pièce(s);appartement-1-piece-s-61507497a.jpg;144458;https://www.aurea-immobilier.fr/catalog/products_selled.php
https://www.aurea-immobilier.fr/office5/aureaimmo_140824/catalog/images/pr_p/6/1/5/0/7/4/9/7/61507497b.jpg;Appartement  1 pièce(s) 2;appartement-1-piece-s-2-61507497b.jpg;110762;https://www.aurea-immobilier.fr/catalog/products_selled.php
https://www.aurea-immobilier.fr/office5/aureaimmo_140824/catalog/images/pr_p/5/9/0/8/3/3/7/7/59083377a.jpg;Studio refait à neuf de 16,41m2 à Evreux;studio-refait-a-neuf-de-16-41m-59083377a.jpg;191676;https://www.aurea-immobilier.fr/catalog/products_selled.php
https://www.aurea-immobilier.fr/office5/aureaimmo_140824/catalog/images/pr_p/5/9/0/8/3/3/7/7/59083377b.jpg;Studio refait à neuf de 16,41m2 à Evreux 2;studio-refait-a-neuf-de-16-41m-59083377b.jpg;207345;https://www.aurea-immobilier.fr/catalog/products_selled.php
https://www.aurea-immobilier.fr/office5/aureaimmo_140824/catalog/images/pr_p/6/1/1/9/0/3/2/8/61190328a.jpg;Appartement  2 pièces 47.54 m2 à JUZIERS;appartement-2-pieces-47.54-m2-61190328a.jpg;204506;https://www.aurea-immobilier.fr/catalog/products_selled.php
https://www.aurea-immobilier.fr/office5/aureaimmo_140824/catalog/images/pr_p/6/1/1/9/0/3/2/8/61190328b.jpg;Appartement  2 pièces 47.54 m2 à JUZIERS 2;appartement-2-pieces-47.54-m2-61190328b.jpg;144973;https://www.aurea-immobilier.fr/catalog/products_selled.php
https://www.aurea-immobilier.fr/office5/aureaimmo_140824/catalog/images/pr_p/6/0/6/5/5/5/2/7/60655527a.jpg;Immeuble de rapport sur Mantes-la-Jolie;immeuble-de-rapport-sur-mantes-60655527a.jpg;524756;https://www.aurea-immobilier.fr/catalog/products_selled.php
https://www.aurea-immobilier.fr/office5/aureaimmo_140824/catalog/images/pr_p/6/0/6/5/5/5/2/7/60655527b.jpg;Immeuble de rapport sur Mantes-la-Jolie 2;immeuble-de-rapport-sur-mantes-60655527b.jpg;201878;https://www.aurea-immobilier.fr/catalog/products_selled.php
https://www.aurea-immobilier.fr/office5/aureaimmo_140824/catalog/images/pr_p/5/8/6/3/7/8/4/3/58637843a.jpg;APPARTEMENT - MANTES LA JOLIE -  4Pièces;appartement-mantes-la-jolie-4p-58637843a.jpg;186520;https://www.aurea-immobilier.fr/catalog/products_selled.php
https://www.aurea-immobilier.fr/office5/aureaimmo_140824/catalog/images/pr_p/5/8/6/3/7/8/4/3/58637843b.jpg;APPARTEMENT - MANTES LA JOLIE -  4Pièces 2;appartement-mantes-la-jolie-4p-58637843b.jpg;206609;https://www.aurea-immobilier.fr/catalog/products_selled.php
https://www.aurea-immobilier.fr/office5/aureaimmo_140824/catalog/images/pr_p/5/8/3/0/5/6/0/5/58305605a.jpg;Maison - Mantes La Ville - 110m2;maison-mantes-la-ville-110m2-58305605a.jpg;280221;https://www.aurea-immobilier.fr/catalog/products_selled.php
https://www.aurea-immobilier.fr/office5/aureaimmo_140824/catalog/images/pr_p/5/8/3/0/5/6/0/5/58305605b.jpg;Maison - Mantes La Ville - 110m2 2;maison-mantes-la-ville-110m2-2-58305605b.jpg;174364;https://www.aurea-immobilier.fr/catalog/products_selled.php
https://www.aurea-immobilier.fr/office5/aureaimmo_140824/catalog/images/pr_p/6/0/5/5/0/0/7/4/60550074a.jpg;Maison Le Cormier 5 pièce(s) 144 m2;maison-le-cormier-5-piece-s-14-60550074a.jpg;300228;https://www.aurea-immobilier.fr/catalog/products_selled.php
https://www.aurea-immobilier.fr/office5/aureaimmo_140824/catalog/images/pr_p/6/0/5/5/0/0/7/4/60550074b.jpg;Maison Le Cormier 5 pièce(s) 144 m2 2;maison-le-cormier-5-piece-s-14-60550074b.jpg;398952;https://www.aurea-immobilier.fr/catalog/products_selled.php
https://www.aurea-immobilier.fr/office5/aureaimmo_140824/catalog/images/pr_p/6/0/7/0/5/3/6/8/60705368a.jpg;MAISON - ARTHIES - 6 Pièces;maison-arthies-6-pieces-60705368a.jpg;515461;https://www.aurea-immobilier.fr/catalog/products_selled.php
https://www.aurea-immobilier.fr/office5/aureaimmo_140824/catalog/images/pr_p/6/0/7/0/5/3/6/8/60705368b.jpg;MAISON - ARTHIES - 6 Pièces 2;maison-arthies-6-pieces-2-60705368b.jpg;336775;https://www.aurea-immobilier.fr/catalog/products_selled.php
https://v2.immo-facile.com/office5/aureaimmo_140824/catalog/images/perso/Services.jpg;Nos conseils;nos-conseils-services.jpg;238515;https://www.aurea-immobilier.fr/catalog/estimation.php
https://logiciel.ac3.immo/office5/aureaimmo_140824/catalog/images/perso/Service2.jpeg;Nos conseils;nos-conseils-service2.jpeg;194873;https://www.aurea-immobilier.fr/catalog/estimation.php
https://www.aurea-immobilier.fr/fiches/office5/aureaimmo_140824/catalog/images/aurea-logoe-ok.png;AUREA IMMOBILIER;maison-plain-pied-la-couture-b-60114296a-3.jpg;176892;https://www.aurea-immobilier.fr/fiches/3-32-37_61483159/appartement-lumineux-de-4-pieces-a-mantes-la-jolie.html | https://www.aurea-immobilier.fr/fiches/3-33-27_60992633/joli-studio-a-mantes-la-jolie-de-28-m2.html | https://www.aurea-immobilier.fr/fiches/3-33-27_60992633/joli-studio-a-mantes-la-jolie-de-28-m2.html?cPath=3_33_27&products_id=60992633 | https://www.aurea-immobilier.fr/fiches/3-33-29_60609523/appartement-3-pieces-andresy.html | https://www.aurea-immobilier.fr/fiches/3-33-29_60962717/appartement-mantes-la-jolie-gare.html | https://www.aurea-immobilier.fr/fiches/3-33-29_60962717/appartement-mantes-la-jolie-gare.html?cPath=3_33_29&products_id=60962717 | https://www.aurea-immobilier.fr/fiches/4-40-26_59514626/maison-chatou-5pieces-rer-a.html | https://www.aurea-immobilier.fr/fiches/4-40-26_60114296/maison-plain-pied-la-couture-boussey-4-pieces-90-m2.html | https://www.aurea-immobilier.fr/fiches/4-40-26_60185157/maison-5-pieces-3-chambres-a-mantes-la-jolie.html | https://www.aurea-immobilier.fr/fiches/4-40-26_60185157/maison-5-pieces-3-chambres-a-mantes-la-jolie.html?cPath=4_40_26&products_id=60185157 | https://www.aurea-immobilier.fr/fiches/4-40-26_60299040/maison-mericourt-4-pieces.html | https://www.aurea-immobilier.fr/fiches/4-40-26_61452626/maison-familiale-8-pieces-mantes-la-ville.html | https://www.aurea-immobilier.fr/fiches/4-40-26_61452626/maison-familiale-8-pieces-mantes-la-ville.html?cPath=4_40_26&products_id=61452626 | https://www.aurea-immobilier.fr/fiches/_58305605/maison-mantes-la-ville-110m2.html | https://www.aurea-immobilier.fr/fiches/_58637843/appartement-mantes-la-jolie-4pieces.html | https://www.aurea-immobilier.fr/fiches/_58864209/maison-verneuil-sur-seine-5-pieces.html | https://www.aurea-immobilier.fr/fiches/_59083377/studio-refait-a-neuf-de-16-41m2-a-evreux.html | https://www.aurea-immobilier.fr/fiches/_60160723/appartement-mantes-la-jolie-3-piece-s-57-92-m2.html | https://www.aurea-immobilier.fr/fiches/_60550074/maison-le-cormier-5-piece-s-144-m2.html | https://www.aurea-immobilier.fr/fiches/_60655527/immeuble-de-rapport-sur-mantes-la-jolie.html | https://www.aurea-immobilier.fr/fiches/_60705368/maison-arthies-6-pieces.html | https://www.aurea-immobilier.fr/fiches/_60828276/appartement-mantes-la-jolie-bords-de-seine-3pieces.html | https://www.aurea-immobilier.fr/fiches/_60906460/appartement-mantes-la-jolie-gare-2pieces.html | https://www.aurea-immobilier.fr/fiches/_61190328/appartement-2-pieces-47-54-m2-a-juziers.html | https://www.aurea-immobilier.fr/fiches/_61507497/appartement-1-piece-s.html
https://www.aurea-immobilier.fr/fiches/office5/aureaimmo_140824/catalog/images/pr_p/6/0/1/1/4/2/9/6/60114296a.jpg;Maison plain-pied La Couture Boussey 4 pièces 90 m2 1/14;maison-plain-pied-la-couture-b-60114296a-3.jpg;176892;https://www.aurea-immobilier.fr/fiches/4-40-26_60114296/maison-plain-pied-la-couture-boussey-4-pieces-90-m2.html
https://www.aurea-immobilier.fr/fiches/office5/aureaimmo_140824/catalog/images/pr_p/6/0/1/1/4/2/9/6/60114296b.jpg;Maison plain-pied La Couture Boussey 4 pièces 90 m2 2/14;maison-plain-pied-la-couture-b-60114296a-3.jpg;176892;https://www.aurea-immobilier.fr/fiches/4-40-26_60114296/maison-plain-pied-la-couture-boussey-4-pieces-90-m2.html
https://www.aurea-immobilier.fr/fiches/office5/aureaimmo_140824/catalog/images/pr_p/6/0/1/1/4/2/9/6/60114296c.jpg;Maison plain-pied La Couture Boussey 4 pièces 90 m2 3/14;maison-plain-pied-la-couture-b-60114296a-3.jpg;176892;https://www.aurea-immobilier.fr/fiches/4-40-26_60114296/maison-plain-pied-la-couture-boussey-4-pieces-90-m2.html
https://www.aurea-immobilier.fr/fiches/office5/aureaimmo_140824/catalog/images/pr_p/6/0/1/1/4/2/9/6/60114296d.jpg;Maison plain-pied La Couture Boussey 4 pièces 90 m2 4/14;maison-plain-pied-la-couture-b-60114296a-3.jpg;176892;https://www.aurea-immobilier.fr/fiches/4-40-26_60114296/maison-plain-pied-la-couture-boussey-4-pieces-90-m2.html
https://www.aurea-immobilier.fr/fiches/office5/aureaimmo_140824/catalog/images/pr_p/6/0/1/1/4/2/9/6/60114296e.jpg;Maison plain-pied La Couture Boussey 4 pièces 90 m2 5/14;maison-plain-pied-la-couture-b-60114296a-3.jpg;176892;https://www.aurea-immobilier.fr/fiches/4-40-26_60114296/maison-plain-pied-la-couture-boussey-4-pieces-90-m2.html
https://www.aurea-immobilier.fr/fiches/office5/aureaimmo_140824/catalog/images/pr_p/6/0/1/1/4/2/9/6/60114296f.jpg;Maison plain-pied La Couture Boussey 4 pièces 90 m2 6/14;maison-plain-pied-la-couture-b-60114296a-3.jpg;176892;https://www.aurea-immobilier.fr/fiches/4-40-26_60114296/maison-plain-pied-la-couture-boussey-4-pieces-90-m2.html
https://www.aurea-immobilier.fr/fiches/office5/aureaimmo_140824/catalog/images/pr_p/6/0/1/1/4/2/9/6/60114296g.jpg;Maison plain-pied La Couture Boussey 4 pièces 90 m2 7/14;maison-plain-pied-la-couture-b-60114296a-3.jpg;176892;https://www.aurea-immobilier.fr/fiches/4-40-26_60114296/maison-plain-pied-la-couture-boussey-4-pieces-90-m2.html
https://www.aurea-immobilier.fr/fiches/office5/aureaimmo_140824/catalog/images/pr_p/6/0/1/1/4/2/9/6/60114296h.jpg;Maison plain-pied La Couture Boussey 4 pièces 90 m2 8/14;maison-plain-pied-la-couture-b-60114296a-3.jpg;176892;https://www.aurea-immobilier.fr/fiches/4-40-26_60114296/maison-plain-pied-la-couture-boussey-4-pieces-90-m2.html
https://www.aurea-immobilier.fr/fiches/office5/aureaimmo_140824/catalog/images/pr_p/6/0/1/1/4/2/9/6/60114296i.jpg;Maison plain-pied La Couture Boussey 4 pièces 90 m2 9/14;maison-plain-pied-la-couture-b-60114296a-3.jpg;176892;https://www.aurea-immobilier.fr/fiches/4-40-26_60114296/maison-plain-pied-la-couture-boussey-4-pieces-90-m2.html
https://www.aurea-immobilier.fr/fiches/office5/aureaimmo_140824/catalog/images/pr_p/6/0/1/1/4/2/9/6/60114296j.jpg;Maison plain-pied La Couture Boussey 4 pièces 90 m2 10/14;maison-plain-pied-la-couture-b-60114296a-3.jpg;176892;https://www.aurea-immobilier.fr/fiches/4-40-26_60114296/maison-plain-pied-la-couture-boussey-4-pieces-90-m2.html
https://www.aurea-immobilier.fr/fiches/office5/aureaimmo_140824/catalog/images/pr_p/6/0/1/1/4/2/9/6/60114296k.jpg;Maison plain-pied La Couture Boussey 4 pièces 90 m2 11/14;maison-plain-pied-la-couture-b-60114296a-3.jpg;176892;https://www.aurea-immobilier.fr/fiches/4-40-26_60114296/maison-plain-pied-la-couture-boussey-4-pieces-90-m2.html
https://www.aurea-immobilier.fr/fiches/office5/aureaimmo_140824/catalog/images/pr_p/6/0/1/1/4/2/9/6/60114296l.jpg;Maison plain-pied La Couture Boussey 4 pièces 90 m2 12/14;maison-plain-pied-la-couture-b-60114296a-3.jpg;176892;https://www.aurea-immobilier.fr/fiches/4-40-26_60114296/maison-plain-pied-la-couture-boussey-4-pieces-90-m2.html
https://www.aurea-immobilier.fr/fiches/office5/aureaimmo_140824/catalog/images/pr_p/6/0/1/1/4/2/9/6/60114296m.jpg;Maison plain-pied La Couture Boussey 4 pièces 90 m2 13/14;maison-plain-pied-la-couture-b-60114296a-3.jpg;176892;https://www.aurea-immobilier.fr/fiches/4-40-26_60114296/maison-plain-pied-la-couture-boussey-4-pieces-90-m2.html
https://www.aurea-immobilier.fr/fiches/office5/aureaimmo_140824/catalog/images/pr_p/6/0/1/1/4/2/9/6/60114296n.jpg;Maison plain-pied La Couture Boussey 4 pièces 90 m2 14/14;maison-plain-pied-la-couture-b-60114296a-3.jpg;176892;https://www.aurea-immobilier.fr/fiches/4-40-26_60114296/maison-plain-pied-la-couture-boussey-4-pieces-90-m2.html
https://www.aurea-immobilier.fr/fiches/office5_front/aureaimmo_140824/cache/dpe_ges/dpe_dda350ba2af13a94711fb37f68fdeac0.svg;Consommation énergetique;maison-plain-pied-la-couture-b-60114296a-3.jpg;176892;https://www.aurea-immobilier.fr/fiches/4-40-26_60114296/maison-plain-pied-la-couture-boussey-4-pieces-90-m2.html
https://www.aurea-immobilier.fr/fiches/office5_front/aureaimmo_140824/cache/dpe_ges/ges_dda350ba2af13a94711fb37f68fdeac0.svg;Faible émission de GES;maison-plain-pied-la-couture-b-60114296a-3.jpg;176892;https://www.aurea-immobilier.fr/fiches/4-40-26_60114296/maison-plain-pied-la-couture-boussey-4-pieces-90-m2.html
https://www.aurea-immobilier.fr/fiches/4-40-26_60114296/images/puce_fleche.gif;;puce_fleche.gif;189928;https://www.aurea-immobilier.fr/fiches/4-40-26_60114296/maison-plain-pied-la-couture-boussey-4-pieces-90-m2.html
https://www.aurea-immobilier.fr/fiches/office5/aureaimmo_140824/catalog/images/members/839238.jpg;MAUME Vincent;maison-plain-pied-la-couture-b-60114296a-3.jpg;176892;https://www.aurea-immobilier.fr/fiches/3-32-37_61483159/appartement-lumineux-de-4-pieces-a-mantes-la-jolie.html | https://www.aurea-immobilier.fr/fiches/3-33-27_60992633/joli-studio-a-mantes-la-jolie-de-28-m2.html | https://www.aurea-immobilier.fr/fiches/3-33-27_60992633/joli-studio-a-mantes-la-jolie-de-28-m2.html?cPath=3_33_27&products_id=60992633 | https://www.aurea-immobilier.fr/fiches/3-33-29_60962717/appartement-mantes-la-jolie-gare.html | https://www.aurea-immobilier.fr/fiches/3-33-29_60962717/appartement-mantes-la-jolie-gare.html?cPath=3_33_29&products_id=60962717 | https://www.aurea-immobilier.fr/fiches/4-40-26_60114296/maison-plain-pied-la-couture-boussey-4-pieces-90-m2.html | https://www.aurea-immobilier.fr/fiches/4-40-26_60185157/maison-5-pieces-3-chambres-a-mantes-la-jolie.html | https://www.aurea-immobilier.fr/fiches/4-40-26_60185157/maison-5-pieces-3-chambres-a-mantes-la-jolie.html?cPath=4_40_26&products_id=60185157 | https://www.aurea-immobilier.fr/fiches/4-40-26_60299040/maison-mericourt-4-pieces.html | https://www.aurea-immobilier.fr/fiches/_59083377/studio-refait-a-neuf-de-16-41m2-a-evreux.html | https://www.aurea-immobilier.fr/fiches/_60655527/immeuble-de-rapport-sur-mantes-la-jolie.html | https://www.aurea-immobilier.fr/fiches/_61190328/appartement-2-pieces-47-54-m2-a-juziers.html | https://www.aurea-immobilier.fr/fiches/_61507497/appartement-1-piece-s.html
https://www.aurea-immobilier.fr/fiches/office5/aureaimmo_140824/catalog/images/pr_p/6/1/4/8/3/1/5/9/61483159a.jpg;Appartement lumineux de 4 pièces à Mantes-la-Jolie 1/10;maison-plain-pied-la-couture-b-60114296a-3.jpg;176892;https://www.aurea-immobilier.fr/fiches/3-32-37_61483159/appartement-lumineux-de-4-pieces-a-mantes-la-jolie.html
https://www.aurea-immobilier.fr/fiches/office5/aureaimmo_140824/catalog/images/pr_p/6/1/4/8/3/1/5/9/61483159b.jpg;Appartement lumineux de 4 pièces à Mantes-la-Jolie 2/10;maison-plain-pied-la-couture-b-60114296a-3.jpg;176892;https://www.aurea-immobilier.fr/fiches/3-32-37_61483159/appartement-lumineux-de-4-pieces-a-mantes-la-jolie.html
https://www.aurea-immobilier.fr/fiches/office5/aureaimmo_140824/catalog/images/pr_p/6/1/4/8/3/1/5/9/61483159c.jpg;Appartement lumineux de 4 pièces à Mantes-la-Jolie 3/10;maison-plain-pied-la-couture-b-60114296a-3.jpg;176892;https://www.aurea-immobilier.fr/fiches/3-32-37_61483159/appartement-lumineux-de-4-pieces-a-mantes-la-jolie.html
https://www.aurea-immobilier.fr/fiches/office5/aureaimmo_140824/catalog/images/pr_p/6/1/4/8/3/1/5/9/61483159d.jpg;Appartement lumineux de 4 pièces à Mantes-la-Jolie 4/10;maison-plain-pied-la-couture-b-60114296a-3.jpg;176892;https://www.aurea-immobilier.fr/fiches/3-32-37_61483159/appartement-lumineux-de-4-pieces-a-mantes-la-jolie.html
https://www.aurea-immobilier.fr/fiches/office5/aureaimmo_140824/catalog/images/pr_p/6/1/4/8/3/1/5/9/61483159e.jpg;Appartement lumineux de 4 pièces à Mantes-la-Jolie 5/10;maison-plain-pied-la-couture-b-60114296a-3.jpg;176892;https://www.aurea-immobilier.fr/fiches/3-32-37_61483159/appartement-lumineux-de-4-pieces-a-mantes-la-jolie.html
https://www.aurea-immobilier.fr/fiches/office5/aureaimmo_140824/catalog/images/pr_p/6/1/4/8/3/1/5/9/61483159f.jpg;Appartement lumineux de 4 pièces à Mantes-la-Jolie 6/10;maison-plain-pied-la-couture-b-60114296a-3.jpg;176892;https://www.aurea-immobilier.fr/fiches/3-32-37_61483159/appartement-lumineux-de-4-pieces-a-mantes-la-jolie.html
https://www.aurea-immobilier.fr/fiches/office5/aureaimmo_140824/catalog/images/pr_p/6/1/4/8/3/1/5/9/61483159g.jpg;Appartement lumineux de 4 pièces à Mantes-la-Jolie 7/10;maison-plain-pied-la-couture-b-60114296a-3.jpg;176892;https://www.aurea-immobilier.fr/fiches/3-32-37_61483159/appartement-lumineux-de-4-pieces-a-mantes-la-jolie.html
https://www.aurea-immobilier.fr/fiches/office5/aureaimmo_140824/catalog/images/pr_p/6/1/4/8/3/1/5/9/61483159h.jpg;Appartement lumineux de 4 pièces à Mantes-la-Jolie 8/10;maison-plain-pied-la-couture-b-60114296a-3.jpg;176892;https://www.aurea-immobilier.fr/fiches/3-32-37_61483159/appartement-lumineux-de-4-pieces-a-mantes-la-jolie.html
https://www.aurea-immobilier.fr/fiches/office5/aureaimmo_140824/catalog/images/pr_p/6/1/4/8/3/1/5/9/61483159i.jpg;Appartement lumineux de 4 pièces à Mantes-la-Jolie 9/10;maison-plain-pied-la-couture-b-60114296a-3.jpg;176892;https://www.aurea-immobilier.fr/fiches/3-32-37_61483159/appartement-lumineux-de-4-pieces-a-mantes-la-jolie.html
https://www.aurea-immobilier.fr/fiches/office5/aureaimmo_140824/catalog/images/pr_p/6/1/4/8/3/1/5/9/61483159j.jpg;Appartement lumineux de 4 pièces à Mantes-la-Jolie 10/10;maison-plain-pied-la-couture-b-60114296a-3.jpg;176892;https://www.aurea-immobilier.fr/fiches/3-32-37_61483159/appartement-lumineux-de-4-pieces-a-mantes-la-jolie.html
https://www.aurea-immobilier.fr/fiches/office5_front/aureaimmo_140824/cache/dpe_ges/dpe_3b17196323273853169ba21fba4b7711.svg;Consommation énergetique;maison-plain-pied-la-couture-b-60114296a-3.jpg;176892;https://www.aurea-immobilier.fr/fiches/3-32-37_61483159/appartement-lumineux-de-4-pieces-a-mantes-la-jolie.html
https://www.aurea-immobilier.fr/fiches/office5_front/aureaimmo_140824/cache/dpe_ges/ges_3b17196323273853169ba21fba4b7711.svg;Faible émission de GES;maison-plain-pied-la-couture-b-60114296a-3.jpg;176892;https://www.aurea-immobilier.fr/fiches/3-32-37_61483159/appartement-lumineux-de-4-pieces-a-mantes-la-jolie.html
https://www.aurea-immobilier.fr/fiches/3-32-37_61483159/images/puce_fleche.gif;;puce_fleche-2.gif;189434;https://www.aurea-immobilier.fr/fiches/3-32-37_61483159/appartement-lumineux-de-4-pieces-a-mantes-la-jolie.html
https://www.aurea-immobilier.fr/fiches/office5/aureaimmo_140824/catalog/images/pr_p/6/0/6/0/9/5/2/3/60609523a.jpg;APPARTEMENT - 3 PIÈCES - ANDRÉSY 1/9;maison-plain-pied-la-couture-b-60114296a-3.jpg;176892;https://www.aurea-immobilier.fr/fiches/3-33-29_60609523/appartement-3-pieces-andresy.html
https://www.aurea-immobilier.fr/fiches/office5/aureaimmo_140824/catalog/images/pr_p/6/0/6/0/9/5/2/3/60609523b.jpg;APPARTEMENT - 3 PIÈCES - ANDRÉSY 2/9;maison-plain-pied-la-couture-b-60114296a-3.jpg;176892;https://www.aurea-immobilier.fr/fiches/3-33-29_60609523/appartement-3-pieces-andresy.html
https://www.aurea-immobilier.fr/fiches/office5/aureaimmo_140824/catalog/images/pr_p/6/0/6/0/9/5/2/3/60609523c.jpg;APPARTEMENT - 3 PIÈCES - ANDRÉSY 3/9;maison-plain-pied-la-couture-b-60114296a-3.jpg;176892;https://www.aurea-immobilier.fr/fiches/3-33-29_60609523/appartement-3-pieces-andresy.html
https://www.aurea-immobilier.fr/fiches/office5/aureaimmo_140824/catalog/images/pr_p/6/0/6/0/9/5/2/3/60609523d.jpg;APPARTEMENT - 3 PIÈCES - ANDRÉSY 4/9;maison-plain-pied-la-couture-b-60114296a-3.jpg;176892;https://www.aurea-immobilier.fr/fiches/3-33-29_60609523/appartement-3-pieces-andresy.html
https://www.aurea-immobilier.fr/fiches/office5/aureaimmo_140824/catalog/images/pr_p/6/0/6/0/9/5/2/3/60609523e.jpg;APPARTEMENT - 3 PIÈCES - ANDRÉSY 5/9;maison-plain-pied-la-couture-b-60114296a-3.jpg;176892;https://www.aurea-immobilier.fr/fiches/3-33-29_60609523/appartement-3-pieces-andresy.html
https://www.aurea-immobilier.fr/fiches/office5/aureaimmo_140824/catalog/images/pr_p/6/0/6/0/9/5/2/3/60609523f.jpg;APPARTEMENT - 3 PIÈCES - ANDRÉSY 6/9;maison-plain-pied-la-couture-b-60114296a-3.jpg;176892;https://www.aurea-immobilier.fr/fiches/3-33-29_60609523/appartement-3-pieces-andresy.html
https://www.aurea-immobilier.fr/fiches/office5/aureaimmo_140824/catalog/images/pr_p/6/0/6/0/9/5/2/3/60609523g.jpg;APPARTEMENT - 3 PIÈCES - ANDRÉSY 7/9;maison-plain-pied-la-couture-b-60114296a-3.jpg;176892;https://www.aurea-immobilier.fr/fiches/3-33-29_60609523/appartement-3-pieces-andresy.html
https://www.aurea-immobilier.fr/fiches/office5/aureaimmo_140824/catalog/images/pr_p/6/0/6/0/9/5/2/3/60609523h.jpg;APPARTEMENT - 3 PIÈCES - ANDRÉSY 8/9;maison-plain-pied-la-couture-b-60114296a-3.jpg;176892;https://www.aurea-immobilier.fr/fiches/3-33-29_60609523/appartement-3-pieces-andresy.html
https://www.aurea-immobilier.fr/fiches/office5/aureaimmo_140824/catalog/images/pr_p/6/0/6/0/9/5/2/3/60609523i.jpg;APPARTEMENT - 3 PIÈCES - ANDRÉSY 9/9;maison-plain-pied-la-couture-b-60114296a-3.jpg;176892;https://www.aurea-immobilier.fr/fiches/3-33-29_60609523/appartement-3-pieces-andresy.html
https://www.aurea-immobilier.fr/fiches/office5_front/aureaimmo_140824/cache/dpe_ges/dpe_1919c97f367b9d407ea46d72074a0f0e.svg;Consommation énergetique;maison-plain-pied-la-couture-b-60114296a-3.jpg;176892;https://www.aurea-immobilier.fr/fiches/3-33-29_60609523/appartement-3-pieces-andresy.html
https://www.aurea-immobilier.fr/fiches/office5_front/aureaimmo_140824/cache/dpe_ges/ges_1919c97f367b9d407ea46d72074a0f0e.svg;Faible émission de GES;maison-plain-pied-la-couture-b-60114296a-3.jpg;176892;https://www.aurea-immobilier.fr/fiches/3-33-29_60609523/appartement-3-pieces-andresy.html
https://www.aurea-immobilier.fr/fiches/3-33-29_60609523/images/puce_fleche.gif;;puce_fleche-3.gif;185531;https://www.aurea-immobilier.fr/fiches/3-33-29_60609523/appartement-3-pieces-andresy.html
https://www.aurea-immobilier.fr/fiches/office5/aureaimmo_140824/catalog/images/members/840371.jpg;Cherel Oriane;maison-plain-pied-la-couture-b-60114296a-3.jpg;176892;https://www.aurea-immobilier.fr/fiches/3-33-27_60992633/joli-studio-a-mantes-la-jolie-de-28-m2.html | https://www.aurea-immobilier.fr/fiches/3-33-29_60609523/appartement-3-pieces-andresy.html | https://www.aurea-immobilier.fr/fiches/3-33-29_60962717/appartement-mantes-la-jolie-gare.html | https://www.aurea-immobilier.fr/fiches/3-33-29_60962717/appartement-mantes-la-jolie-gare.html?cPath=3_33_29&products_id=60962717 | https://www.aurea-immobilier.fr/fiches/4-40-26_60185157/maison-5-pieces-3-chambres-a-mantes-la-jolie.html | https://www.aurea-immobilier.fr/fiches/4-40-26_60185157/maison-5-pieces-3-chambres-a-mantes-la-jolie.html?cPath=4_40_26&products_id=60185157 | https://www.aurea-immobilier.fr/fiches/4-40-26_60299040/maison-mericourt-4-pieces.html | https://www.aurea-immobilier.fr/fiches/4-40-26_61452626/maison-familiale-8-pieces-mantes-la-ville.html | https://www.aurea-immobilier.fr/fiches/4-40-26_61452626/maison-familiale-8-pieces-mantes-la-ville.html?cPath=4_40_26&products_id=61452626
https://www.aurea-immobilier.fr/fiches/office5/aureaimmo_140824/catalog/images/pr_p/6/1/4/5/2/6/2/6/61452626a.jpg;MAISON FAMILIALE - 8 PIÈCES - MANTES LA VILLE 1/18;maison-plain-pied-la-couture-b-60114296a-3.jpg;176892;https://www.aurea-immobilier.fr/fiches/4-40-26_60185157/maison-5-pieces-3-chambres-a-mantes-la-jolie.html | https://www.aurea-immobilier.fr/fiches/4-40-26_61452626/maison-familiale-8-pieces-mantes-la-ville.html | https://www.aurea-immobilier.fr/fiches/4-40-26_61452626/maison-familiale-8-pieces-mantes-la-ville.html?cPath=4_40_26&products_id=61452626
https://www.aurea-immobilier.fr/fiches/office5/aureaimmo_140824/catalog/images/pr_p/6/1/4/5/2/6/2/6/61452626b.jpg;MAISON FAMILIALE - 8 PIÈCES - MANTES LA VILLE 2/18;maison-plain-pied-la-couture-b-60114296a-3.jpg;176892;https://www.aurea-immobilier.fr/fiches/4-40-26_60185157/maison-5-pieces-3-chambres-a-mantes-la-jolie.html | https://www.aurea-immobilier.fr/fiches/4-40-26_61452626/maison-familiale-8-pieces-mantes-la-ville.html | https://www.aurea-immobilier.fr/fiches/4-40-26_61452626/maison-familiale-8-pieces-mantes-la-ville.html?cPath=4_40_26&products_id=61452626
https://www.aurea-immobilier.fr/fiches/office5/aureaimmo_140824/catalog/images/pr_p/6/1/4/5/2/6/2/6/61452626c.jpg;MAISON FAMILIALE - 8 PIÈCES - MANTES LA VILLE 3/18;maison-plain-pied-la-couture-b-60114296a-3.jpg;176892;https://www.aurea-immobilier.fr/fiches/4-40-26_61452626/maison-familiale-8-pieces-mantes-la-ville.html | https://www.aurea-immobilier.fr/fiches/4-40-26_61452626/maison-familiale-8-pieces-mantes-la-ville.html?cPath=4_40_26&products_id=61452626
https://www.aurea-immobilier.fr/fiches/office5/aureaimmo_140824/catalog/images/pr_p/6/1/4/5/2/6/2/6/61452626d.jpg;MAISON FAMILIALE - 8 PIÈCES - MANTES LA VILLE 4/18;maison-plain-pied-la-couture-b-60114296a-3.jpg;176892;https://www.aurea-immobilier.fr/fiches/4-40-26_61452626/maison-familiale-8-pieces-mantes-la-ville.html | https://www.aurea-immobilier.fr/fiches/4-40-26_61452626/maison-familiale-8-pieces-mantes-la-ville.html?cPath=4_40_26&products_id=61452626
https://www.aurea-immobilier.fr/fiches/office5/aureaimmo_140824/catalog/images/pr_p/6/1/4/5/2/6/2/6/61452626e.jpg;MAISON FAMILIALE - 8 PIÈCES - MANTES LA VILLE 5/18;maison-plain-pied-la-couture-b-60114296a-3.jpg;176892;https://www.aurea-immobilier.fr/fiches/4-40-26_61452626/maison-familiale-8-pieces-mantes-la-ville.html | https://www.aurea-immobilier.fr/fiches/4-40-26_61452626/maison-familiale-8-pieces-mantes-la-ville.html?cPath=4_40_26&products_id=61452626
https://www.aurea-immobilier.fr/fiches/office5/aureaimmo_140824/catalog/images/pr_p/6/1/4/5/2/6/2/6/61452626f.jpg;MAISON FAMILIALE - 8 PIÈCES - MANTES LA VILLE 6/18;maison-plain-pied-la-couture-b-60114296a-3.jpg;176892;https://www.aurea-immobilier.fr/fiches/4-40-26_61452626/maison-familiale-8-pieces-mantes-la-ville.html | https://www.aurea-immobilier.fr/fiches/4-40-26_61452626/maison-familiale-8-pieces-mantes-la-ville.html?cPath=4_40_26&products_id=61452626
https://www.aurea-immobilier.fr/fiches/office5/aureaimmo_140824/catalog/images/pr_p/6/1/4/5/2/6/2/6/61452626g.jpg;MAISON FAMILIALE - 8 PIÈCES - MANTES LA VILLE 7/18;maison-plain-pied-la-couture-b-60114296a-3.jpg;176892;https://www.aurea-immobilier.fr/fiches/4-40-26_61452626/maison-familiale-8-pieces-mantes-la-ville.html | https://www.aurea-immobilier.fr/fiches/4-40-26_61452626/maison-familiale-8-pieces-mantes-la-ville.html?cPath=4_40_26&products_id=61452626
https://www.aurea-immobilier.fr/fiches/office5/aureaimmo_140824/catalog/images/pr_p/6/1/4/5/2/6/2/6/61452626h.jpg;MAISON FAMILIALE - 8 PIÈCES - MANTES LA VILLE 8/18;maison-plain-pied-la-couture-b-60114296a-3.jpg;176892;https://www.aurea-immobilier.fr/fiches/4-40-26_61452626/maison-familiale-8-pieces-mantes-la-ville.html | https://www.aurea-immobilier.fr/fiches/4-40-26_61452626/maison-familiale-8-pieces-mantes-la-ville.html?cPath=4_40_26&products_id=61452626
https://www.aurea-immobilier.fr/fiches/office5/aureaimmo_140824/catalog/images/pr_p/6/1/4/5/2/6/2/6/61452626i.jpg;MAISON FAMILIALE - 8 PIÈCES - MANTES LA VILLE 9/18;maison-plain-pied-la-couture-b-60114296a-3.jpg;176892;https://www.aurea-immobilier.fr/fiches/4-40-26_61452626/maison-familiale-8-pieces-mantes-la-ville.html | https://www.aurea-immobilier.fr/fiches/4-40-26_61452626/maison-familiale-8-pieces-mantes-la-ville.html?cPath=4_40_26&products_id=61452626
https://www.aurea-immobilier.fr/fiches/office5/aureaimmo_140824/catalog/images/pr_p/6/1/4/5/2/6/2/6/61452626j.jpg;MAISON FAMILIALE - 8 PIÈCES - MANTES LA VILLE 10/18;maison-plain-pied-la-couture-b-60114296a-3.jpg;176892;https://www.aurea-immobilier.fr/fiches/4-40-26_61452626/maison-familiale-8-pieces-mantes-la-ville.html | https://www.aurea-immobilier.fr/fiches/4-40-26_61452626/maison-familiale-8-pieces-mantes-la-ville.html?cPath=4_40_26&products_id=61452626
https://www.aurea-immobilier.fr/fiches/office5/aureaimmo_140824/catalog/images/pr_p/6/1/4/5/2/6/2/6/61452626k.jpg;MAISON FAMILIALE - 8 PIÈCES - MANTES LA VILLE 11/18;maison-plain-pied-la-couture-b-60114296a-3.jpg;176892;https://www.aurea-immobilier.fr/fiches/4-40-26_61452626/maison-familiale-8-pieces-mantes-la-ville.html | https://www.aurea-immobilier.fr/fiches/4-40-26_61452626/maison-familiale-8-pieces-mantes-la-ville.html?cPath=4_40_26&products_id=61452626
https://www.aurea-immobilier.fr/fiches/office5/aureaimmo_140824/catalog/images/pr_p/6/1/4/5/2/6/2/6/61452626l.jpg;MAISON FAMILIALE - 8 PIÈCES - MANTES LA VILLE 12/18;maison-plain-pied-la-couture-b-60114296a-3.jpg;176892;https://www.aurea-immobilier.fr/fiches/4-40-26_61452626/maison-familiale-8-pieces-mantes-la-ville.html | https://www.aurea-immobilier.fr/fiches/4-40-26_61452626/maison-familiale-8-pieces-mantes-la-ville.html?cPath=4_40_26&products_id=61452626
https://www.aurea-immobilier.fr/fiches/office5/aureaimmo_140824/catalog/images/pr_p/6/1/4/5/2/6/2/6/61452626m.jpg;MAISON FAMILIALE - 8 PIÈCES - MANTES LA VILLE 13/18;maison-plain-pied-la-couture-b-60114296a-3.jpg;176892;https://www.aurea-immobilier.fr/fiches/4-40-26_61452626/maison-familiale-8-pieces-mantes-la-ville.html | https://www.aurea-immobilier.fr/fiches/4-40-26_61452626/maison-familiale-8-pieces-mantes-la-ville.html?cPath=4_40_26&products_id=61452626
https://www.aurea-immobilier.fr/fiches/office5/aureaimmo_140824/catalog/images/pr_p/6/1/4/5/2/6/2/6/61452626n.jpg;MAISON FAMILIALE - 8 PIÈCES - MANTES LA VILLE 14/18;maison-plain-pied-la-couture-b-60114296a-3.jpg;176892;https://www.aurea-immobilier.fr/fiches/4-40-26_61452626/maison-familiale-8-pieces-mantes-la-ville.html | https://www.aurea-immobilier.fr/fiches/4-40-26_61452626/maison-familiale-8-pieces-mantes-la-ville.html?cPath=4_40_26&products_id=61452626
https://www.aurea-immobilier.fr/fiches/office5/aureaimmo_140824/catalog/images/pr_p/6/1/4/5/2/6/2/6/61452626o.jpg;MAISON FAMILIALE - 8 PIÈCES - MANTES LA VILLE 15/18;maison-plain-pied-la-couture-b-60114296a-3.jpg;176892;https://www.aurea-immobilier.fr/fiches/4-40-26_61452626/maison-familiale-8-pieces-mantes-la-ville.html | https://www.aurea-immobilier.fr/fiches/4-40-26_61452626/maison-familiale-8-pieces-mantes-la-ville.html?cPath=4_40_26&products_id=61452626
https://www.aurea-immobilier.fr/fiches/office5/aureaimmo_140824/catalog/images/pr_p/6/1/4/5/2/6/2/6/61452626p.jpg;MAISON FAMILIALE - 8 PIÈCES - MANTES LA VILLE 16/18;maison-plain-pied-la-couture-b-60114296a-3.jpg;176892;https://www.aurea-immobilier.fr/fiches/4-40-26_61452626/maison-familiale-8-pieces-mantes-la-ville.html | https://www.aurea-immobilier.fr/fiches/4-40-26_61452626/maison-familiale-8-pieces-mantes-la-ville.html?cPath=4_40_26&products_id=61452626
https://www.aurea-immobilier.fr/fiches/office5/aureaimmo_140824/catalog/images/pr_p/6/1/4/5/2/6/2/6/61452626q.jpg;MAISON FAMILIALE - 8 PIÈCES - MANTES LA VILLE 17/18;maison-plain-pied-la-couture-b-60114296a-3.jpg;176892;https://www.aurea-immobilier.fr/fiches/4-40-26_61452626/maison-familiale-8-pieces-mantes-la-ville.html | https://www.aurea-immobilier.fr/fiches/4-40-26_61452626/maison-familiale-8-pieces-mantes-la-ville.html?cPath=4_40_26&products_id=61452626
https://www.aurea-immobilier.fr/fiches/office5/aureaimmo_140824/catalog/images/pr_p/6/1/4/5/2/6/2/6/61452626r.jpg;MAISON FAMILIALE - 8 PIÈCES - MANTES LA VILLE 18/18;maison-plain-pied-la-couture-b-60114296a-3.jpg;176892;https://www.aurea-immobilier.fr/fiches/4-40-26_61452626/maison-familiale-8-pieces-mantes-la-ville.html | https://www.aurea-immobilier.fr/fiches/4-40-26_61452626/maison-familiale-8-pieces-mantes-la-ville.html?cPath=4_40_26&products_id=61452626
https://www.aurea-immobilier.fr/fiches/office5_front/aureaimmo_140824/cache/dpe_ges/dpe_108ee0ef93697540bf66d51e50b2346b.svg;Consommation énergetique;maison-plain-pied-la-couture-b-60114296a-3.jpg;176892;https://www.aurea-immobilier.fr/fiches/4-40-26_61452626/maison-familiale-8-pieces-mantes-la-ville.html | https://www.aurea-immobilier.fr/fiches/4-40-26_61452626/maison-familiale-8-pieces-mantes-la-ville.html?cPath=4_40_26&products_id=61452626
https://www.aurea-immobilier.fr/fiches/office5_front/aureaimmo_140824/cache/dpe_ges/ges_108ee0ef93697540bf66d51e50b2346b.svg;Faible émission de GES;maison-plain-pied-la-couture-b-60114296a-3.jpg;176892;https://www.aurea-immobilier.fr/fiches/4-40-26_61452626/maison-familiale-8-pieces-mantes-la-ville.html | https://www.aurea-immobilier.fr/fiches/4-40-26_61452626/maison-familiale-8-pieces-mantes-la-ville.html?cPath=4_40_26&products_id=61452626
https://www.aurea-immobilier.fr/fiches/4-40-26_61452626/images/puce_fleche.gif;;puce_fleche-4.gif;227322;https://www.aurea-immobilier.fr/fiches/4-40-26_61452626/maison-familiale-8-pieces-mantes-la-ville.html | https://www.aurea-immobilier.fr/fiches/4-40-26_61452626/maison-familiale-8-pieces-mantes-la-ville.html?cPath=4_40_26&products_id=61452626
https://www.aurea-immobilier.fr/fiches/office5/aureaimmo_140824/catalog/images/pr_p/5/8/3/0/6/3/8/4/58306384a.jpg;Maison  - Mantes La Ville - 150m²;maison-plain-pied-la-couture-b-60114296a-3.jpg;176892;https://www.aurea-immobilier.fr/fiches/4-40-26_60185157/maison-5-pieces-3-chambres-a-mantes-la-jolie.html | https://www.aurea-immobilier.fr/fiches/4-40-26_60185157/maison-5-pieces-3-chambres-a-mantes-la-jolie.html?cPath=4_40_26&products_id=60185157 | https://www.aurea-immobilier.fr/fiches/4-40-26_61452626/maison-familiale-8-pieces-mantes-la-ville.html
https://www.aurea-immobilier.fr/fiches/office5/aureaimmo_140824/catalog/images/pr_p/5/8/3/0/6/3/8/4/58306384b.jpg;Maison  - Mantes La Ville - 150m² 2;maison-plain-pied-la-couture-b-60114296a-3.jpg;176892;https://www.aurea-immobilier.fr/fiches/4-40-26_60185157/maison-5-pieces-3-chambres-a-mantes-la-jolie.html | https://www.aurea-immobilier.fr/fiches/4-40-26_60185157/maison-5-pieces-3-chambres-a-mantes-la-jolie.html?cPath=4_40_26&products_id=60185157 | https://www.aurea-immobilier.fr/fiches/4-40-26_61452626/maison-familiale-8-pieces-mantes-la-ville.html
https://www.aurea-immobilier.fr/fiches/office5/aureaimmo_140824/catalog/images/pr_p/5/8/2/6/3/3/9/2/58263392a.jpg;MAISON - FOLLAINVILLE-DENNEMONT;maison-plain-pied-la-couture-b-60114296a-3.jpg;176892;https://www.aurea-immobilier.fr/fiches/4-40-26_60185157/maison-5-pieces-3-chambres-a-mantes-la-jolie.html | https://www.aurea-immobilier.fr/fiches/4-40-26_61452626/maison-familiale-8-pieces-mantes-la-ville.html | https://www.aurea-immobilier.fr/fiches/4-40-26_61452626/maison-familiale-8-pieces-mantes-la-ville.html?cPath=4_40_26&products_id=61452626
https://www.aurea-immobilier.fr/fiches/office5/aureaimmo_140824/catalog/images/pr_p/5/8/2/6/3/3/9/2/58263392b.jpg;MAISON - FOLLAINVILLE-DENNEMONT 2;maison-plain-pied-la-couture-b-60114296a-3.jpg;176892;https://www.aurea-immobilier.fr/fiches/4-40-26_60185157/maison-5-pieces-3-chambres-a-mantes-la-jolie.html | https://www.aurea-immobilier.fr/fiches/4-40-26_61452626/maison-familiale-8-pieces-mantes-la-ville.html | https://www.aurea-immobilier.fr/fiches/4-40-26_61452626/maison-familiale-8-pieces-mantes-la-ville.html?cPath=4_40_26&products_id=61452626
https://www.aurea-immobilier.fr/fiches/office5/aureaimmo_140824/catalog/images/pr_p/6/0/2/5/6/7/5/9/60256759a.jpg;MAISON- FAVRIEUX - 11 Pièces  350m²;maison-plain-pied-la-couture-b-60114296a-3.jpg;176892;https://www.aurea-immobilier.fr/fiches/4-40-26_61452626/maison-familiale-8-pieces-mantes-la-ville.html
https://www.aurea-immobilier.fr/fiches/office5/aureaimmo_140824/catalog/images/pr_p/6/0/2/5/6/7/5/9/60256759b.jpg;MAISON- FAVRIEUX - 11 Pièces  350m² 2;maison-plain-pied-la-couture-b-60114296a-3.jpg;176892;https://www.aurea-immobilier.fr/fiches/4-40-26_61452626/maison-familiale-8-pieces-mantes-la-ville.html
https://www.aurea-immobilier.fr/fiches/office5/aureaimmo_140824/catalog/images/members/847433.jpg;Aimée VAILLANT;maison-plain-pied-la-couture-b-60114296a-3.jpg;176892;https://www.aurea-immobilier.fr/fiches/4-40-26_61452626/maison-familiale-8-pieces-mantes-la-ville.html | https://www.aurea-immobilier.fr/fiches/4-40-26_61452626/maison-familiale-8-pieces-mantes-la-ville.html?cPath=4_40_26&products_id=61452626 | https://www.aurea-immobilier.fr/fiches/_58864209/maison-verneuil-sur-seine-5-pieces.html | https://www.aurea-immobilier.fr/fiches/_60160723/appartement-mantes-la-jolie-3-piece-s-57-92-m2.html
https://www.aurea-immobilier.fr/fiches/office5/aureaimmo_140824/catalog/images/pr_p/5/7/2/0/2/8/4/8/57202848a.jpg;MAISON - MANTES LA JOLIE - 3Pièces;maison-plain-pied-la-couture-b-60114296a-3.jpg;176892;https://www.aurea-immobilier.fr/fiches/4-40-26_61452626/maison-familiale-8-pieces-mantes-la-ville.html
https://www.aurea-immobilier.fr/fiches/office5/aureaimmo_140824/catalog/images/pr_p/5/7/2/0/2/8/4/8/57202848c.jpg;MAISON - MANTES LA JOLIE - 3Pièces 2;maison-plain-pied-la-couture-b-60114296a-3.jpg;176892;https://www.aurea-immobilier.fr/fiches/4-40-26_61452626/maison-familiale-8-pieces-mantes-la-ville.html
https://www.aurea-immobilier.fr/fiches/office5/aureaimmo_140824/catalog/images/members/839241.jpg;Evan FERNANDES;maison-plain-pied-la-couture-b-60114296a-3.jpg;176892;https://www.aurea-immobilier.fr/fiches/3-33-27_60992633/joli-studio-a-mantes-la-jolie-de-28-m2.html | https://www.aurea-immobilier.fr/fiches/3-33-27_60992633/joli-studio-a-mantes-la-jolie-de-28-m2.html?cPath=3_33_27&products_id=60992633 | https://www.aurea-immobilier.fr/fiches/3-33-29_60962717/appartement-mantes-la-jolie-gare.html | https://www.aurea-immobilier.fr/fiches/3-33-29_60962717/appartement-mantes-la-jolie-gare.html?cPath=3_33_29&products_id=60962717 | https://www.aurea-immobilier.fr/fiches/4-40-26_60299040/maison-mericourt-4-pieces.html | https://www.aurea-immobilier.fr/fiches/4-40-26_61452626/maison-familiale-8-pieces-mantes-la-ville.html | https://www.aurea-immobilier.fr/fiches/4-40-26_61452626/maison-familiale-8-pieces-mantes-la-ville.html?cPath=4_40_26&products_id=61452626 | https://www.aurea-immobilier.fr/fiches/_58637843/appartement-mantes-la-jolie-4pieces.html | https://www.aurea-immobilier.fr/fiches/_60828276/appartement-mantes-la-jolie-bords-de-seine-3pieces.html | https://www.aurea-immobilier.fr/fiches/_60906460/appartement-mantes-la-jolie-gare-2pieces.html
https://www.aurea-immobilier.fr/fiches/office5/aureaimmo_140824/catalog/images/pr_p/6/0/9/7/4/1/4/9/60974149a.jpg;MAISON - FOLLAINVILLE DENNEMONT - 6Pièces;maison-plain-pied-la-couture-b-60114296a-3.jpg;176892;https://www.aurea-immobilier.fr/fiches/4-40-26_60185157/maison-5-pieces-3-chambres-a-mantes-la-jolie.html | https://www.aurea-immobilier.fr/fiches/4-40-26_60185157/maison-5-pieces-3-chambres-a-mantes-la-jolie.html?cPath=4_40_26&products_id=60185157 | https://www.aurea-immobilier.fr/fiches/4-40-26_61452626/maison-familiale-8-pieces-mantes-la-ville.html | https://www.aurea-immobilier.fr/fiches/4-40-26_61452626/maison-familiale-8-pieces-mantes-la-ville.html?cPath=4_40_26&products_id=61452626
https://www.aurea-immobilier.fr/fiches/office5/aureaimmo_140824/catalog/images/pr_p/6/0/9/7/4/1/4/9/60974149b.jpg;MAISON - FOLLAINVILLE DENNEMONT - 6Pièces 2;maison-plain-pied-la-couture-b-60114296a-3.jpg;176892;https://www.aurea-immobilier.fr/fiches/4-40-26_60185157/maison-5-pieces-3-chambres-a-mantes-la-jolie.html | https://www.aurea-immobilier.fr/fiches/4-40-26_60185157/maison-5-pieces-3-chambres-a-mantes-la-jolie.html?cPath=4_40_26&products_id=60185157 | https://www.aurea-immobilier.fr/fiches/4-40-26_61452626/maison-familiale-8-pieces-mantes-la-ville.html | https://www.aurea-immobilier.fr/fiches/4-40-26_61452626/maison-familiale-8-pieces-mantes-la-ville.html?cPath=4_40_26&products_id=61452626
https://www.aurea-immobilier.fr/fiches/office5/aureaimmo_140824/catalog/images/members/839239.jpg;Hélène VERMEIRE BENZ;maison-plain-pied-la-couture-b-60114296a-3.jpg;176892;https://www.aurea-immobilier.fr/fiches/4-40-26_59514626/maison-chatou-5pieces-rer-a.html | https://www.aurea-immobilier.fr/fiches/4-40-26_60185157/maison-5-pieces-3-chambres-a-mantes-la-jolie.html | https://www.aurea-immobilier.fr/fiches/4-40-26_60185157/maison-5-pieces-3-chambres-a-mantes-la-jolie.html?cPath=4_40_26&products_id=60185157 | https://www.aurea-immobilier.fr/fiches/4-40-26_61452626/maison-familiale-8-pieces-mantes-la-ville.html | https://www.aurea-immobilier.fr/fiches/4-40-26_61452626/maison-familiale-8-pieces-mantes-la-ville.html?cPath=4_40_26&products_id=61452626
https://www.aurea-immobilier.fr/fiches/office5/aureaimmo_140824/catalog/images/pr_p/5/6/3/4/4/0/0/4/56344004a.jpg;MAISON - ROSNY SUR SEINE - 6Pièces;maison-plain-pied-la-couture-b-60114296a-3.jpg;176892;https://www.aurea-immobilier.fr/fiches/4-40-26_60185157/maison-5-pieces-3-chambres-a-mantes-la-jolie.html?cPath=4_40_26&products_id=60185157 | https://www.aurea-immobilier.fr/fiches/4-40-26_60299040/maison-mericourt-4-pieces.html | https://www.aurea-immobilier.fr/fiches/4-40-26_61452626/maison-familiale-8-pieces-mantes-la-ville.html
https://www.aurea-immobilier.fr/fiches/office5/aureaimmo_140824/catalog/images/pr_p/5/6/3/4/4/0/0/4/56344004b.jpg;MAISON - ROSNY SUR SEINE - 6Pièces 2;maison-plain-pied-la-couture-b-60114296a-3.jpg;176892;https://www.aurea-immobilier.fr/fiches/4-40-26_60185157/maison-5-pieces-3-chambres-a-mantes-la-jolie.html?cPath=4_40_26&products_id=60185157 | https://www.aurea-immobilier.fr/fiches/4-40-26_60299040/maison-mericourt-4-pieces.html | https://www.aurea-immobilier.fr/fiches/4-40-26_61452626/maison-familiale-8-pieces-mantes-la-ville.html
https://www.aurea-immobilier.fr/fiches/office5/aureaimmo_140824/catalog/images/pr_p/6/0/1/8/5/1/5/7/60185157a.jpg;Maison 5 pièces, 3 chambres à Mantes-la-Jolie 1/14;maison-plain-pied-la-couture-b-60114296a-3.jpg;176892;https://www.aurea-immobilier.fr/fiches/4-40-26_60185157/maison-5-pieces-3-chambres-a-mantes-la-jolie.html | https://www.aurea-immobilier.fr/fiches/4-40-26_60185157/maison-5-pieces-3-chambres-a-mantes-la-jolie.html?cPath=4_40_26&products_id=60185157 | https://www.aurea-immobilier.fr/fiches/4-40-26_60299040/maison-mericourt-4-pieces.html
https://www.aurea-immobilier.fr/fiches/office5/aureaimmo_140824/catalog/images/pr_p/6/0/1/8/5/1/5/7/60185157b.jpg;Maison 5 pièces, 3 chambres à Mantes-la-Jolie 2/14;maison-plain-pied-la-couture-b-60114296a-3.jpg;176892;https://www.aurea-immobilier.fr/fiches/4-40-26_60185157/maison-5-pieces-3-chambres-a-mantes-la-jolie.html | https://www.aurea-immobilier.fr/fiches/4-40-26_60185157/maison-5-pieces-3-chambres-a-mantes-la-jolie.html?cPath=4_40_26&products_id=60185157 | https://www.aurea-immobilier.fr/fiches/4-40-26_60299040/maison-mericourt-4-pieces.html
https://www.aurea-immobilier.fr/fiches/office5/aureaimmo_140824/catalog/images/pr_p/6/0/1/8/5/1/5/7/60185157c.jpg;Maison 5 pièces, 3 chambres à Mantes-la-Jolie 3/14;maison-plain-pied-la-couture-b-60114296a-3.jpg;176892;https://www.aurea-immobilier.fr/fiches/4-40-26_60185157/maison-5-pieces-3-chambres-a-mantes-la-jolie.html | https://www.aurea-immobilier.fr/fiches/4-40-26_60185157/maison-5-pieces-3-chambres-a-mantes-la-jolie.html?cPath=4_40_26&products_id=60185157
https://www.aurea-immobilier.fr/fiches/office5/aureaimmo_140824/catalog/images/pr_p/6/0/1/8/5/1/5/7/60185157d.jpg;Maison 5 pièces, 3 chambres à Mantes-la-Jolie 4/14;maison-plain-pied-la-couture-b-60114296a-3.jpg;176892;https://www.aurea-immobilier.fr/fiches/4-40-26_60185157/maison-5-pieces-3-chambres-a-mantes-la-jolie.html | https://www.aurea-immobilier.fr/fiches/4-40-26_60185157/maison-5-pieces-3-chambres-a-mantes-la-jolie.html?cPath=4_40_26&products_id=60185157
https://www.aurea-immobilier.fr/fiches/office5/aureaimmo_140824/catalog/images/pr_p/6/0/1/8/5/1/5/7/60185157e.jpg;Maison 5 pièces, 3 chambres à Mantes-la-Jolie 5/14;maison-plain-pied-la-couture-b-60114296a-3.jpg;176892;https://www.aurea-immobilier.fr/fiches/4-40-26_60185157/maison-5-pieces-3-chambres-a-mantes-la-jolie.html | https://www.aurea-immobilier.fr/fiches/4-40-26_60185157/maison-5-pieces-3-chambres-a-mantes-la-jolie.html?cPath=4_40_26&products_id=60185157
https://www.aurea-immobilier.fr/fiches/office5/aureaimmo_140824/catalog/images/pr_p/6/0/1/8/5/1/5/7/60185157f.jpg;Maison 5 pièces, 3 chambres à Mantes-la-Jolie 6/14;maison-plain-pied-la-couture-b-60114296a-3.jpg;176892;https://www.aurea-immobilier.fr/fiches/4-40-26_60185157/maison-5-pieces-3-chambres-a-mantes-la-jolie.html | https://www.aurea-immobilier.fr/fiches/4-40-26_60185157/maison-5-pieces-3-chambres-a-mantes-la-jolie.html?cPath=4_40_26&products_id=60185157
https://www.aurea-immobilier.fr/fiches/office5/aureaimmo_140824/catalog/images/pr_p/6/0/1/8/5/1/5/7/60185157g.jpg;Maison 5 pièces, 3 chambres à Mantes-la-Jolie 7/14;maison-plain-pied-la-couture-b-60114296a-3.jpg;176892;https://www.aurea-immobilier.fr/fiches/4-40-26_60185157/maison-5-pieces-3-chambres-a-mantes-la-jolie.html | https://www.aurea-immobilier.fr/fiches/4-40-26_60185157/maison-5-pieces-3-chambres-a-mantes-la-jolie.html?cPath=4_40_26&products_id=60185157
https://www.aurea-immobilier.fr/fiches/office5/aureaimmo_140824/catalog/images/pr_p/6/0/1/8/5/1/5/7/60185157h.jpg;Maison 5 pièces, 3 chambres à Mantes-la-Jolie 8/14;maison-plain-pied-la-couture-b-60114296a-3.jpg;176892;https://www.aurea-immobilier.fr/fiches/4-40-26_60185157/maison-5-pieces-3-chambres-a-mantes-la-jolie.html | https://www.aurea-immobilier.fr/fiches/4-40-26_60185157/maison-5-pieces-3-chambres-a-mantes-la-jolie.html?cPath=4_40_26&products_id=60185157
https://www.aurea-immobilier.fr/fiches/office5/aureaimmo_140824/catalog/images/pr_p/6/0/1/8/5/1/5/7/60185157i.jpg;Maison 5 pièces, 3 chambres à Mantes-la-Jolie 9/14;maison-plain-pied-la-couture-b-60114296a-3.jpg;176892;https://www.aurea-immobilier.fr/fiches/4-40-26_60185157/maison-5-pieces-3-chambres-a-mantes-la-jolie.html | https://www.aurea-immobilier.fr/fiches/4-40-26_60185157/maison-5-pieces-3-chambres-a-mantes-la-jolie.html?cPath=4_40_26&products_id=60185157
https://www.aurea-immobilier.fr/fiches/office5/aureaimmo_140824/catalog/images/pr_p/6/0/1/8/5/1/5/7/60185157j.jpg;Maison 5 pièces, 3 chambres à Mantes-la-Jolie 10/14;maison-plain-pied-la-couture-b-60114296a-3.jpg;176892;https://www.aurea-immobilier.fr/fiches/4-40-26_60185157/maison-5-pieces-3-chambres-a-mantes-la-jolie.html | https://www.aurea-immobilier.fr/fiches/4-40-26_60185157/maison-5-pieces-3-chambres-a-mantes-la-jolie.html?cPath=4_40_26&products_id=60185157
https://www.aurea-immobilier.fr/fiches/office5/aureaimmo_140824/catalog/images/pr_p/6/0/1/8/5/1/5/7/60185157k.jpg;Maison 5 pièces, 3 chambres à Mantes-la-Jolie 11/14;maison-plain-pied-la-couture-b-60114296a-3.jpg;176892;https://www.aurea-immobilier.fr/fiches/4-40-26_60185157/maison-5-pieces-3-chambres-a-mantes-la-jolie.html | https://www.aurea-immobilier.fr/fiches/4-40-26_60185157/maison-5-pieces-3-chambres-a-mantes-la-jolie.html?cPath=4_40_26&products_id=60185157
https://www.aurea-immobilier.fr/fiches/office5/aureaimmo_140824/catalog/images/pr_p/6/0/1/8/5/1/5/7/60185157l.jpg;Maison 5 pièces, 3 chambres à Mantes-la-Jolie 12/14;maison-plain-pied-la-couture-b-60114296a-3.jpg;176892;https://www.aurea-immobilier.fr/fiches/4-40-26_60185157/maison-5-pieces-3-chambres-a-mantes-la-jolie.html | https://www.aurea-immobilier.fr/fiches/4-40-26_60185157/maison-5-pieces-3-chambres-a-mantes-la-jolie.html?cPath=4_40_26&products_id=60185157
https://www.aurea-immobilier.fr/fiches/office5/aureaimmo_140824/catalog/images/pr_p/6/0/1/8/5/1/5/7/60185157m.jpg;Maison 5 pièces, 3 chambres à Mantes-la-Jolie 13/14;maison-plain-pied-la-couture-b-60114296a-3.jpg;176892;https://www.aurea-immobilier.fr/fiches/4-40-26_60185157/maison-5-pieces-3-chambres-a-mantes-la-jolie.html | https://www.aurea-immobilier.fr/fiches/4-40-26_60185157/maison-5-pieces-3-chambres-a-mantes-la-jolie.html?cPath=4_40_26&products_id=60185157
https://www.aurea-immobilier.fr/fiches/office5/aureaimmo_140824/catalog/images/pr_p/6/0/1/8/5/1/5/7/60185157n.jpg;Maison 5 pièces, 3 chambres à Mantes-la-Jolie 14/14;maison-plain-pied-la-couture-b-60114296a-3.jpg;176892;https://www.aurea-immobilier.fr/fiches/4-40-26_60185157/maison-5-pieces-3-chambres-a-mantes-la-jolie.html | https://www.aurea-immobilier.fr/fiches/4-40-26_60185157/maison-5-pieces-3-chambres-a-mantes-la-jolie.html?cPath=4_40_26&products_id=60185157
https://www.aurea-immobilier.fr/fiches/office5_front/aureaimmo_140824/cache/dpe_ges/dpe_565fba7558285c0b67d86baf62480faa.svg;Consommation énergetique;maison-plain-pied-la-couture-b-60114296a-3.jpg;176892;https://www.aurea-immobilier.fr/fiches/4-40-26_60185157/maison-5-pieces-3-chambres-a-mantes-la-jolie.html | https://www.aurea-immobilier.fr/fiches/4-40-26_60185157/maison-5-pieces-3-chambres-a-mantes-la-jolie.html?cPath=4_40_26&products_id=60185157
https://www.aurea-immobilier.fr/fiches/office5_front/aureaimmo_140824/cache/dpe_ges/ges_565fba7558285c0b67d86baf62480faa.svg;Faible émission de GES;maison-plain-pied-la-couture-b-60114296a-3.jpg;176892;https://www.aurea-immobilier.fr/fiches/4-40-26_60185157/maison-5-pieces-3-chambres-a-mantes-la-jolie.html | https://www.aurea-immobilier.fr/fiches/4-40-26_60185157/maison-5-pieces-3-chambres-a-mantes-la-jolie.html?cPath=4_40_26&products_id=60185157
https://www.aurea-immobilier.fr/fiches/4-40-26_60185157/images/puce_fleche.gif;;puce_fleche-5.gif;225999;https://www.aurea-immobilier.fr/fiches/4-40-26_60185157/maison-5-pieces-3-chambres-a-mantes-la-jolie.html | https://www.aurea-immobilier.fr/fiches/4-40-26_60185157/maison-5-pieces-3-chambres-a-mantes-la-jolie.html?cPath=4_40_26&products_id=60185157
https://www.aurea-immobilier.fr/fiches/office5/aureaimmo_140824/catalog/images/pr_p/6/0/6/6/9/9/1/0/60669910a.jpg;MAISON D'EXCEPTION - PORCHEVILLE - BORDS DE SEINE;maison-plain-pied-la-couture-b-60114296a-3.jpg;176892;https://www.aurea-immobilier.fr/fiches/4-40-26_60185157/maison-5-pieces-3-chambres-a-mantes-la-jolie.html
https://www.aurea-immobilier.fr/fiches/office5/aureaimmo_140824/catalog/images/pr_p/6/0/6/6/9/9/1/0/60669910b.jpg;MAISON D'EXCEPTION - PORCHEVILLE - BORDS DE SEINE 2;maison-plain-pied-la-couture-b-60114296a-3.jpg;176892;https://www.aurea-immobilier.fr/fiches/4-40-26_60185157/maison-5-pieces-3-chambres-a-mantes-la-jolie.html
https://www.aurea-immobilier.fr/fiches/office5/aureaimmo_140824/catalog/images/pr_p/5/8/3/0/5/6/8/0/58305680a.jpg;Maison - Mantes La Ville - 200m2;maison-plain-pied-la-couture-b-60114296a-3.jpg;176892;https://www.aurea-immobilier.fr/fiches/4-40-26_60185157/maison-5-pieces-3-chambres-a-mantes-la-jolie.html
https://www.aurea-immobilier.fr/fiches/office5/aureaimmo_140824/catalog/images/pr_p/5/8/3/0/5/6/8/0/58305680b.jpg;Maison - Mantes La Ville - 200m2 2;maison-plain-pied-la-couture-b-60114296a-3.jpg;176892;https://www.aurea-immobilier.fr/fiches/4-40-26_60185157/maison-5-pieces-3-chambres-a-mantes-la-jolie.html
https://www.aurea-immobilier.fr/fiches/office5/aureaimmo_140824/catalog/images/pr_p/6/0/9/9/2/6/3/3/60992633a.jpg;Joli studio à Mantes-la-Jolie de 28 m2 1/6;maison-plain-pied-la-couture-b-60114296a-3.jpg;176892;https://www.aurea-immobilier.fr/fiches/3-33-27_60992633/joli-studio-a-mantes-la-jolie-de-28-m2.html | https://www.aurea-immobilier.fr/fiches/3-33-27_60992633/joli-studio-a-mantes-la-jolie-de-28-m2.html?cPath=3_33_27&products_id=60992633 | https://www.aurea-immobilier.fr/fiches/3-33-29_60962717/appartement-mantes-la-jolie-gare.html | https://www.aurea-immobilier.fr/fiches/3-33-29_60962717/appartement-mantes-la-jolie-gare.html?cPath=3_33_29&products_id=60962717
https://www.aurea-immobilier.fr/fiches/office5/aureaimmo_140824/catalog/images/pr_p/6/0/9/9/2/6/3/3/60992633b.jpg;Joli studio à Mantes-la-Jolie de 28 m2 2/6;maison-plain-pied-la-couture-b-60114296a-3.jpg;176892;https://www.aurea-immobilier.fr/fiches/3-33-27_60992633/joli-studio-a-mantes-la-jolie-de-28-m2.html | https://www.aurea-immobilier.fr/fiches/3-33-27_60992633/joli-studio-a-mantes-la-jolie-de-28-m2.html?cPath=3_33_27&products_id=60992633 | https://www.aurea-immobilier.fr/fiches/3-33-29_60962717/appartement-mantes-la-jolie-gare.html | https://www.aurea-immobilier.fr/fiches/3-33-29_60962717/appartement-mantes-la-jolie-gare.html?cPath=3_33_29&products_id=60962717
https://www.aurea-immobilier.fr/fiches/office5/aureaimmo_140824/catalog/images/pr_p/6/0/9/9/2/6/3/3/60992633c.jpg;Joli studio à Mantes-la-Jolie de 28 m2 3/6;maison-plain-pied-la-couture-b-60114296a-3.jpg;176892;https://www.aurea-immobilier.fr/fiches/3-33-27_60992633/joli-studio-a-mantes-la-jolie-de-28-m2.html | https://www.aurea-immobilier.fr/fiches/3-33-27_60992633/joli-studio-a-mantes-la-jolie-de-28-m2.html?cPath=3_33_27&products_id=60992633
https://www.aurea-immobilier.fr/fiches/office5/aureaimmo_140824/catalog/images/pr_p/6/0/9/9/2/6/3/3/60992633d.jpg;Joli studio à Mantes-la-Jolie de 28 m2 4/6;maison-plain-pied-la-couture-b-60114296a-3.jpg;176892;https://www.aurea-immobilier.fr/fiches/3-33-27_60992633/joli-studio-a-mantes-la-jolie-de-28-m2.html | https://www.aurea-immobilier.fr/fiches/3-33-27_60992633/joli-studio-a-mantes-la-jolie-de-28-m2.html?cPath=3_33_27&products_id=60992633
https://www.aurea-immobilier.fr/fiches/office5/aureaimmo_140824/catalog/images/pr_p/6/0/9/9/2/6/3/3/60992633e.jpg;Joli studio à Mantes-la-Jolie de 28 m2 5/6;maison-plain-pied-la-couture-b-60114296a-3.jpg;176892;https://www.aurea-immobilier.fr/fiches/3-33-27_60992633/joli-studio-a-mantes-la-jolie-de-28-m2.html | https://www.aurea-immobilier.fr/fiches/3-33-27_60992633/joli-studio-a-mantes-la-jolie-de-28-m2.html?cPath=3_33_27&products_id=60992633
https://www.aurea-immobilier.fr/fiches/office5/aureaimmo_140824/catalog/images/pr_p/6/0/9/9/2/6/3/3/60992633f.jpg;Joli studio à Mantes-la-Jolie de 28 m2 6/6;maison-plain-pied-la-couture-b-60114296a-3.jpg;176892;https://www.aurea-immobilier.fr/fiches/3-33-27_60992633/joli-studio-a-mantes-la-jolie-de-28-m2.html | https://www.aurea-immobilier.fr/fiches/3-33-27_60992633/joli-studio-a-mantes-la-jolie-de-28-m2.html?cPath=3_33_27&products_id=60992633
https://www.aurea-immobilier.fr/fiches/office5_front/aureaimmo_140824/cache/dpe_ges/dpe_dc50b4f99f7cf3a6e53e19e64c95db0c.svg;Consommation énergetique;maison-plain-pied-la-couture-b-60114296a-3.jpg;176892;https://www.aurea-immobilier.fr/fiches/3-33-27_60992633/joli-studio-a-mantes-la-jolie-de-28-m2.html | https://www.aurea-immobilier.fr/fiches/3-33-27_60992633/joli-studio-a-mantes-la-jolie-de-28-m2.html?cPath=3_33_27&products_id=60992633
https://www.aurea-immobilier.fr/fiches/office5_front/aureaimmo_140824/cache/dpe_ges/ges_dc50b4f99f7cf3a6e53e19e64c95db0c.svg;Faible émission de GES;maison-plain-pied-la-couture-b-60114296a-3.jpg;176892;https://www.aurea-immobilier.fr/fiches/3-33-27_60992633/joli-studio-a-mantes-la-jolie-de-28-m2.html | https://www.aurea-immobilier.fr/fiches/3-33-27_60992633/joli-studio-a-mantes-la-jolie-de-28-m2.html?cPath=3_33_27&products_id=60992633
https://www.aurea-immobilier.fr/fiches/3-33-27_60992633/images/puce_fleche.gif;;puce_fleche-6.gif;220659;https://www.aurea-immobilier.fr/fiches/3-33-27_60992633/joli-studio-a-mantes-la-jolie-de-28-m2.html | https://www.aurea-immobilier.fr/fiches/3-33-27_60992633/joli-studio-a-mantes-la-jolie-de-28-m2.html?cPath=3_33_27&products_id=60992633
https://www.aurea-immobilier.fr/fiches/office5/aureaimmo_140824/catalog/images/pr_p/5/9/1/7/4/3/9/4/59174394a.jpg;APPARTEMENT - CENTRE VILLE - 3Pièces;maison-plain-pied-la-couture-b-60114296a-3.jpg;176892;https://www.aurea-immobilier.fr/fiches/3-33-27_60992633/joli-studio-a-mantes-la-jolie-de-28-m2.html | https://www.aurea-immobilier.fr/fiches/3-33-29_60962717/appartement-mantes-la-jolie-gare.html | https://www.aurea-immobilier.fr/fiches/3-33-29_60962717/appartement-mantes-la-jolie-gare.html?cPath=3_33_29&products_id=60962717
https://www.aurea-immobilier.fr/fiches/office5/aureaimmo_140824/catalog/images/pr_p/5/9/1/7/4/3/9/4/59174394b.jpg;APPARTEMENT - CENTRE VILLE - 3Pièces 2;maison-plain-pied-la-couture-b-60114296a-3.jpg;176892;https://www.aurea-immobilier.fr/fiches/3-33-27_60992633/joli-studio-a-mantes-la-jolie-de-28-m2.html | https://www.aurea-immobilier.fr/fiches/3-33-29_60962717/appartement-mantes-la-jolie-gare.html | https://www.aurea-immobilier.fr/fiches/3-33-29_60962717/appartement-mantes-la-jolie-gare.html?cPath=3_33_29&products_id=60962717
https://www.aurea-immobilier.fr/fiches/office5/aureaimmo_140824/catalog/images/pr_p/6/0/2/5/7/2/6/9/60257269a.jpg;Appartement Mantes La Jolie 5 pièces de 93,6 m2;maison-plain-pied-la-couture-b-60114296a-3.jpg;176892;https://www.aurea-immobilier.fr/fiches/3-33-27_60992633/joli-studio-a-mantes-la-jolie-de-28-m2.html | https://www.aurea-immobilier.fr/fiches/3-33-27_60992633/joli-studio-a-mantes-la-jolie-de-28-m2.html?cPath=3_33_27&products_id=60992633 | https://www.aurea-immobilier.fr/fiches/3-33-29_60962717/appartement-mantes-la-jolie-gare.html
https://www.aurea-immobilier.fr/fiches/office5/aureaimmo_140824/catalog/images/pr_p/6/0/2/5/7/2/6/9/60257269b.jpg;Appartement Mantes La Jolie 5 pièces de 93,6 m2 2;maison-plain-pied-la-couture-b-60114296a-3.jpg;176892;https://www.aurea-immobilier.fr/fiches/3-33-27_60992633/joli-studio-a-mantes-la-jolie-de-28-m2.html | https://www.aurea-immobilier.fr/fiches/3-33-27_60992633/joli-studio-a-mantes-la-jolie-de-28-m2.html?cPath=3_33_27&products_id=60992633 | https://www.aurea-immobilier.fr/fiches/3-33-29_60962717/appartement-mantes-la-jolie-gare.html
https://www.aurea-immobilier.fr/fiches/office5/aureaimmo_140824/catalog/images/pr_p/6/1/1/8/1/1/1/0/61181110a.jpg;APPARTEMENT T2 - MANTES LA JOLIE;maison-plain-pied-la-couture-b-60114296a-3.jpg;176892;https://www.aurea-immobilier.fr/fiches/3-33-27_60992633/joli-studio-a-mantes-la-jolie-de-28-m2.html | https://www.aurea-immobilier.fr/fiches/3-33-27_60992633/joli-studio-a-mantes-la-jolie-de-28-m2.html?cPath=3_33_27&products_id=60992633 | https://www.aurea-immobilier.fr/fiches/3-33-29_60962717/appartement-mantes-la-jolie-gare.html?cPath=3_33_29&products_id=60962717
https://www.aurea-immobilier.fr/fiches/office5/aureaimmo_140824/catalog/images/pr_p/6/1/1/8/1/1/1/0/61181110b.jpg;APPARTEMENT T2 - MANTES LA JOLIE 2;maison-plain-pied-la-couture-b-60114296a-3.jpg;176892;https://www.aurea-immobilier.fr/fiches/3-33-27_60992633/joli-studio-a-mantes-la-jolie-de-28-m2.html | https://www.aurea-immobilier.fr/fiches/3-33-27_60992633/joli-studio-a-mantes-la-jolie-de-28-m2.html?cPath=3_33_27&products_id=60992633 | https://www.aurea-immobilier.fr/fiches/3-33-29_60962717/appartement-mantes-la-jolie-gare.html?cPath=3_33_29&products_id=60962717
https://www.aurea-immobilier.fr/fiches/3-33-27_60992633/images/no-picture.svg;Jill Thepaut;jill-thepaut-no-picture-2.svg;220655;https://www.aurea-immobilier.fr/fiches/3-33-27_60992633/joli-studio-a-mantes-la-jolie-de-28-m2.html | https://www.aurea-immobilier.fr/fiches/3-33-27_60992633/joli-studio-a-mantes-la-jolie-de-28-m2.html?cPath=3_33_27&products_id=60992633
https://www.aurea-immobilier.fr/fiches/office5/aureaimmo_140824/catalog/images/pr_p/6/0/9/6/2/7/1/7/60962717a.jpg;APPARTEMENT - MANTES LA JOLIE - GARE;maison-plain-pied-la-couture-b-60114296a-3.jpg;176892;https://www.aurea-immobilier.fr/fiches/3-33-27_60992633/joli-studio-a-mantes-la-jolie-de-28-m2.html | https://www.aurea-immobilier.fr/fiches/3-33-29_60962717/appartement-mantes-la-jolie-gare.html | https://www.aurea-immobilier.fr/fiches/3-33-29_60962717/appartement-mantes-la-jolie-gare.html?cPath=3_33_29&products_id=60962717
https://www.aurea-immobilier.fr/fiches/office5/aureaimmo_140824/catalog/images/pr_p/6/0/9/6/2/7/1/7/60962717b.jpg;APPARTEMENT - MANTES LA JOLIE - GARE 2;maison-plain-pied-la-couture-b-60114296a-3.jpg;176892;https://www.aurea-immobilier.fr/fiches/3-33-27_60992633/joli-studio-a-mantes-la-jolie-de-28-m2.html | https://www.aurea-immobilier.fr/fiches/3-33-29_60962717/appartement-mantes-la-jolie-gare.html | https://www.aurea-immobilier.fr/fiches/3-33-29_60962717/appartement-mantes-la-jolie-gare.html?cPath=3_33_29&products_id=60962717
https://www.aurea-immobilier.fr/fiches/office5/aureaimmo_140824/catalog/images/pr_p/6/1/4/5/7/5/2/9/61457529a.jpg;APPARTEMENT - LIMAY - 4Pièces;maison-plain-pied-la-couture-b-60114296a-3.jpg;176892;https://www.aurea-immobilier.fr/fiches/3-33-27_60992633/joli-studio-a-mantes-la-jolie-de-28-m2.html | https://www.aurea-immobilier.fr/fiches/3-33-29_60962717/appartement-mantes-la-jolie-gare.html
https://www.aurea-immobilier.fr/fiches/office5/aureaimmo_140824/catalog/images/pr_p/6/1/4/5/7/5/2/9/61457529b.jpg;APPARTEMENT - LIMAY - 4Pièces 2;maison-plain-pied-la-couture-b-60114296a-3.jpg;176892;https://www.aurea-immobilier.fr/fiches/3-33-27_60992633/joli-studio-a-mantes-la-jolie-de-28-m2.html | https://www.aurea-immobilier.fr/fiches/3-33-29_60962717/appartement-mantes-la-jolie-gare.html
https://www.aurea-immobilier.fr/fiches/office5/aureaimmo_140824/catalog/images/pr_p/5/9/1/6/9/5/4/2/59169542a.jpg;Appartement Mantes La Jolie 4 pièce(s);maison-plain-pied-la-couture-b-60114296a-3.jpg;176892;https://www.aurea-immobilier.fr/fiches/3-33-27_60992633/joli-studio-a-mantes-la-jolie-de-28-m2.html | https://www.aurea-immobilier.fr/fiches/3-33-27_60992633/joli-studio-a-mantes-la-jolie-de-28-m2.html?cPath=3_33_27&products_id=60992633 | https://www.aurea-immobilier.fr/fiches/3-33-29_60962717/appartement-mantes-la-jolie-gare.html?cPath=3_33_29&products_id=60962717
https://www.aurea-immobilier.fr/fiches/office5/aureaimmo_140824/catalog/images/pr_p/5/9/1/6/9/5/4/2/59169542b.jpg;Appartement Mantes La Jolie 4 pièce(s) 2;maison-plain-pied-la-couture-b-60114296a-3.jpg;176892;https://www.aurea-immobilier.fr/fiches/3-33-27_60992633/joli-studio-a-mantes-la-jolie-de-28-m2.html | https://www.aurea-immobilier.fr/fiches/3-33-27_60992633/joli-studio-a-mantes-la-jolie-de-28-m2.html?cPath=3_33_27&products_id=60992633 | https://www.aurea-immobilier.fr/fiches/3-33-29_60962717/appartement-mantes-la-jolie-gare.html?cPath=3_33_29&products_id=60962717
https://www.aurea-immobilier.fr/fiches/office5/aureaimmo_140824/catalog/images/members/839272.jpg;Justine Vitry;maison-plain-pied-la-couture-b-60114296a-3.jpg;176892;https://www.aurea-immobilier.fr/fiches/3-33-27_60992633/joli-studio-a-mantes-la-jolie-de-28-m2.html | https://www.aurea-immobilier.fr/fiches/3-33-27_60992633/joli-studio-a-mantes-la-jolie-de-28-m2.html?cPath=3_33_27&products_id=60992633 | https://www.aurea-immobilier.fr/fiches/3-33-29_60962717/appartement-mantes-la-jolie-gare.html?cPath=3_33_29&products_id=60962717 | https://www.aurea-immobilier.fr/fiches/4-40-26_60299040/maison-mericourt-4-pieces.html
https://www.aurea-immobilier.fr/fiches/office5/aureaimmo_140824/catalog/images/pr_p/5/9/5/1/4/6/2/6/59514626a.jpg;MAISON CHATOU - 5Pièces - RER A 1/13;maison-plain-pied-la-couture-b-60114296a-3.jpg;176892;https://www.aurea-immobilier.fr/fiches/4-40-26_59514626/maison-chatou-5pieces-rer-a.html
https://www.aurea-immobilier.fr/fiches/office5/aureaimmo_140824/catalog/images/pr_p/5/9/5/1/4/6/2/6/59514626b.jpg;MAISON CHATOU - 5Pièces - RER A 2/13;maison-plain-pied-la-couture-b-60114296a-3.jpg;176892;https://www.aurea-immobilier.fr/fiches/4-40-26_59514626/maison-chatou-5pieces-rer-a.html
https://www.aurea-immobilier.fr/fiches/office5/aureaimmo_140824/catalog/images/pr_p/5/9/5/1/4/6/2/6/59514626c.jpg;MAISON CHATOU - 5Pièces - RER A 3/13;maison-plain-pied-la-couture-b-60114296a-3.jpg;176892;https://www.aurea-immobilier.fr/fiches/4-40-26_59514626/maison-chatou-5pieces-rer-a.html
https://www.aurea-immobilier.fr/fiches/office5/aureaimmo_140824/catalog/images/pr_p/5/9/5/1/4/6/2/6/59514626d.jpg;MAISON CHATOU - 5Pièces - RER A 4/13;maison-plain-pied-la-couture-b-60114296a-3.jpg;176892;https://www.aurea-immobilier.fr/fiches/4-40-26_59514626/maison-chatou-5pieces-rer-a.html
https://www.aurea-immobilier.fr/fiches/office5/aureaimmo_140824/catalog/images/pr_p/5/9/5/1/4/6/2/6/59514626e.jpg;MAISON CHATOU - 5Pièces - RER A 5/13;maison-plain-pied-la-couture-b-60114296a-3.jpg;176892;https://www.aurea-immobilier.fr/fiches/4-40-26_59514626/maison-chatou-5pieces-rer-a.html
https://www.aurea-immobilier.fr/fiches/office5/aureaimmo_140824/catalog/images/pr_p/5/9/5/1/4/6/2/6/59514626f.jpg;MAISON CHATOU - 5Pièces - RER A 6/13;maison-plain-pied-la-couture-b-60114296a-3.jpg;176892;https://www.aurea-immobilier.fr/fiches/4-40-26_59514626/maison-chatou-5pieces-rer-a.html
https://www.aurea-immobilier.fr/fiches/office5/aureaimmo_140824/catalog/images/pr_p/5/9/5/1/4/6/2/6/59514626g.jpg;MAISON CHATOU - 5Pièces - RER A 7/13;maison-plain-pied-la-couture-b-60114296a-3.jpg;176892;https://www.aurea-immobilier.fr/fiches/4-40-26_59514626/maison-chatou-5pieces-rer-a.html
https://www.aurea-immobilier.fr/fiches/office5/aureaimmo_140824/catalog/images/pr_p/5/9/5/1/4/6/2/6/59514626h.jpg;MAISON CHATOU - 5Pièces - RER A 8/13;maison-plain-pied-la-couture-b-60114296a-3.jpg;176892;https://www.aurea-immobilier.fr/fiches/4-40-26_59514626/maison-chatou-5pieces-rer-a.html
https://www.aurea-immobilier.fr/fiches/office5/aureaimmo_140824/catalog/images/pr_p/5/9/5/1/4/6/2/6/59514626i.jpg;MAISON CHATOU - 5Pièces - RER A 9/13;maison-plain-pied-la-couture-b-60114296a-3.jpg;176892;https://www.aurea-immobilier.fr/fiches/4-40-26_59514626/maison-chatou-5pieces-rer-a.html
https://www.aurea-immobilier.fr/fiches/office5/aureaimmo_140824/catalog/images/pr_p/5/9/5/1/4/6/2/6/59514626j.jpg;MAISON CHATOU - 5Pièces - RER A 10/13;maison-plain-pied-la-couture-b-60114296a-3.jpg;176892;https://www.aurea-immobilier.fr/fiches/4-40-26_59514626/maison-chatou-5pieces-rer-a.html
https://www.aurea-immobilier.fr/fiches/office5/aureaimmo_140824/catalog/images/pr_p/5/9/5/1/4/6/2/6/59514626k.jpg;MAISON CHATOU - 5Pièces - RER A 11/13;maison-plain-pied-la-couture-b-60114296a-3.jpg;176892;https://www.aurea-immobilier.fr/fiches/4-40-26_59514626/maison-chatou-5pieces-rer-a.html
https://www.aurea-immobilier.fr/fiches/office5/aureaimmo_140824/catalog/images/pr_p/5/9/5/1/4/6/2/6/59514626l.jpg;MAISON CHATOU - 5Pièces - RER A 12/13;maison-plain-pied-la-couture-b-60114296a-3.jpg;176892;https://www.aurea-immobilier.fr/fiches/4-40-26_59514626/maison-chatou-5pieces-rer-a.html
https://www.aurea-immobilier.fr/fiches/office5/aureaimmo_140824/catalog/images/pr_p/5/9/5/1/4/6/2/6/59514626m.jpg;MAISON CHATOU - 5Pièces - RER A 13/13;maison-plain-pied-la-couture-b-60114296a-3.jpg;176892;https://www.aurea-immobilier.fr/fiches/4-40-26_59514626/maison-chatou-5pieces-rer-a.html
https://www.aurea-immobilier.fr/fiches/office5_front/aureaimmo_140824/cache/dpe_ges/dpe_2f3f4b457d170739a65f614a55cb12c0.svg;Consommation énergetique;maison-plain-pied-la-couture-b-60114296a-3.jpg;176892;https://www.aurea-immobilier.fr/fiches/4-40-26_59514626/maison-chatou-5pieces-rer-a.html
https://www.aurea-immobilier.fr/fiches/office5_front/aureaimmo_140824/cache/dpe_ges/ges_2f3f4b457d170739a65f614a55cb12c0.svg;Faible émission de GES;maison-plain-pied-la-couture-b-60114296a-3.jpg;176892;https://www.aurea-immobilier.fr/fiches/4-40-26_59514626/maison-chatou-5pieces-rer-a.html
https://www.aurea-immobilier.fr/fiches/4-40-26_59514626/images/puce_fleche.gif;;puce_fleche-7.gif;188749;https://www.aurea-immobilier.fr/fiches/4-40-26_59514626/maison-chatou-5pieces-rer-a.html
https://www.aurea-immobilier.fr/fiches/office5/aureaimmo_140824/catalog/images/pr_p/6/0/9/6/2/7/1/7/60962717c.jpg;APPARTEMENT - MANTES LA JOLIE - GARE 3/6;maison-plain-pied-la-couture-b-60114296a-3.jpg;176892;https://www.aurea-immobilier.fr/fiches/3-33-29_60962717/appartement-mantes-la-jolie-gare.html | https://www.aurea-immobilier.fr/fiches/3-33-29_60962717/appartement-mantes-la-jolie-gare.html?cPath=3_33_29&products_id=60962717
https://www.aurea-immobilier.fr/fiches/office5/aureaimmo_140824/catalog/images/pr_p/6/0/9/6/2/7/1/7/60962717d.jpg;APPARTEMENT - MANTES LA JOLIE - GARE 4/6;maison-plain-pied-la-couture-b-60114296a-3.jpg;176892;https://www.aurea-immobilier.fr/fiches/3-33-29_60962717/appartement-mantes-la-jolie-gare.html | https://www.aurea-immobilier.fr/fiches/3-33-29_60962717/appartement-mantes-la-jolie-gare.html?cPath=3_33_29&products_id=60962717
https://www.aurea-immobilier.fr/fiches/office5/aureaimmo_140824/catalog/images/pr_p/6/0/9/6/2/7/1/7/60962717e.jpg;APPARTEMENT - MANTES LA JOLIE - GARE 5/6;maison-plain-pied-la-couture-b-60114296a-3.jpg;176892;https://www.aurea-immobilier.fr/fiches/3-33-29_60962717/appartement-mantes-la-jolie-gare.html | https://www.aurea-immobilier.fr/fiches/3-33-29_60962717/appartement-mantes-la-jolie-gare.html?cPath=3_33_29&products_id=60962717
https://www.aurea-immobilier.fr/fiches/office5/aureaimmo_140824/catalog/images/pr_p/6/0/9/6/2/7/1/7/60962717f.jpg;APPARTEMENT - MANTES LA JOLIE - GARE 6/6;maison-plain-pied-la-couture-b-60114296a-3.jpg;176892;https://www.aurea-immobilier.fr/fiches/3-33-29_60962717/appartement-mantes-la-jolie-gare.html | https://www.aurea-immobilier.fr/fiches/3-33-29_60962717/appartement-mantes-la-jolie-gare.html?cPath=3_33_29&products_id=60962717
https://www.aurea-immobilier.fr/fiches/office5_front/aureaimmo_140824/cache/dpe_ges/dpe_a6bd419bf963e8e9f0c8e31441c67ea8.svg;Consommation énergetique;maison-plain-pied-la-couture-b-60114296a-3.jpg;176892;https://www.aurea-immobilier.fr/fiches/3-33-29_60962717/appartement-mantes-la-jolie-gare.html | https://www.aurea-immobilier.fr/fiches/3-33-29_60962717/appartement-mantes-la-jolie-gare.html?cPath=3_33_29&products_id=60962717
https://www.aurea-immobilier.fr/fiches/office5_front/aureaimmo_140824/cache/dpe_ges/ges_a6bd419bf963e8e9f0c8e31441c67ea8.svg;Faible émission de GES;maison-plain-pied-la-couture-b-60114296a-3.jpg;176892;https://www.aurea-immobilier.fr/fiches/3-33-29_60962717/appartement-mantes-la-jolie-gare.html | https://www.aurea-immobilier.fr/fiches/3-33-29_60962717/appartement-mantes-la-jolie-gare.html?cPath=3_33_29&products_id=60962717
https://www.aurea-immobilier.fr/fiches/3-33-29_60962717/images/puce_fleche.gif;;puce_fleche-8.gif;219421;https://www.aurea-immobilier.fr/fiches/3-33-29_60962717/appartement-mantes-la-jolie-gare.html | https://www.aurea-immobilier.fr/fiches/3-33-29_60962717/appartement-mantes-la-jolie-gare.html?cPath=3_33_29&products_id=60962717
https://www.aurea-immobilier.fr/fiches/office5/aureaimmo_140824/catalog/images/pr_p/6/1/1/6/1/0/7/7/61161077a.jpg;Appartement à Mantes-La-Jolie de 3 pièces (49m2);maison-plain-pied-la-couture-b-60114296a-3.jpg;176892;https://www.aurea-immobilier.fr/fiches/3-33-27_60992633/joli-studio-a-mantes-la-jolie-de-28-m2.html?cPath=3_33_27&products_id=60992633 | https://www.aurea-immobilier.fr/fiches/3-33-29_60962717/appartement-mantes-la-jolie-gare.html | https://www.aurea-immobilier.fr/fiches/3-33-29_60962717/appartement-mantes-la-jolie-gare.html?cPath=3_33_29&products_id=60962717
https://www.aurea-immobilier.fr/fiches/office5/aureaimmo_140824/catalog/images/pr_p/6/1/1/6/1/0/7/7/61161077b.jpg;Appartement à Mantes-La-Jolie de 3 pièces (49m2) 2;maison-plain-pied-la-couture-b-60114296a-3.jpg;176892;https://www.aurea-immobilier.fr/fiches/3-33-27_60992633/joli-studio-a-mantes-la-jolie-de-28-m2.html?cPath=3_33_27&products_id=60992633 | https://www.aurea-immobilier.fr/fiches/3-33-29_60962717/appartement-mantes-la-jolie-gare.html | https://www.aurea-immobilier.fr/fiches/3-33-29_60962717/appartement-mantes-la-jolie-gare.html?cPath=3_33_29&products_id=60962717
https://www.aurea-immobilier.fr/fiches/office5/aureaimmo_140824/catalog/images/pr_p/6/0/3/6/8/0/1/2/60368012a.jpg;APPARTEMENT - MANTES LA JOLIE - 4Pièces;maison-plain-pied-la-couture-b-60114296a-3.jpg;176892;https://www.aurea-immobilier.fr/fiches/3-33-27_60992633/joli-studio-a-mantes-la-jolie-de-28-m2.html?cPath=3_33_27&products_id=60992633 | https://www.aurea-immobilier.fr/fiches/3-33-29_60962717/appartement-mantes-la-jolie-gare.html
https://www.aurea-immobilier.fr/fiches/office5/aureaimmo_140824/catalog/images/pr_p/6/0/3/6/8/0/1/2/60368012b.jpg;APPARTEMENT - MANTES LA JOLIE - 4Pièces 2;maison-plain-pied-la-couture-b-60114296a-3.jpg;176892;https://www.aurea-immobilier.fr/fiches/3-33-27_60992633/joli-studio-a-mantes-la-jolie-de-28-m2.html?cPath=3_33_27&products_id=60992633 | https://www.aurea-immobilier.fr/fiches/3-33-29_60962717/appartement-mantes-la-jolie-gare.html
https://www.aurea-immobilier.fr/fiches/office5/aureaimmo_140824/catalog/images/pr_p/6/0/2/9/9/0/4/0/60299040a.jpg;MAISON - MÉRICOURT - 4 PIÈCES 1/12;maison-plain-pied-la-couture-b-60114296a-3.jpg;176892;https://www.aurea-immobilier.fr/fiches/4-40-26_60185157/maison-5-pieces-3-chambres-a-mantes-la-jolie.html?cPath=4_40_26&products_id=60185157 | https://www.aurea-immobilier.fr/fiches/4-40-26_60299040/maison-mericourt-4-pieces.html
https://www.aurea-immobilier.fr/fiches/office5/aureaimmo_140824/catalog/images/pr_p/6/0/2/9/9/0/4/0/60299040b.jpg;MAISON - MÉRICOURT - 4 PIÈCES 2/12;maison-plain-pied-la-couture-b-60114296a-3.jpg;176892;https://www.aurea-immobilier.fr/fiches/4-40-26_60185157/maison-5-pieces-3-chambres-a-mantes-la-jolie.html?cPath=4_40_26&products_id=60185157 | https://www.aurea-immobilier.fr/fiches/4-40-26_60299040/maison-mericourt-4-pieces.html
https://www.aurea-immobilier.fr/fiches/office5/aureaimmo_140824/catalog/images/pr_p/6/0/2/9/9/0/4/0/60299040c.jpg;MAISON - MÉRICOURT - 4 PIÈCES 3/12;maison-plain-pied-la-couture-b-60114296a-3.jpg;176892;https://www.aurea-immobilier.fr/fiches/4-40-26_60299040/maison-mericourt-4-pieces.html
https://www.aurea-immobilier.fr/fiches/office5/aureaimmo_140824/catalog/images/pr_p/6/0/2/9/9/0/4/0/60299040d.jpg;MAISON - MÉRICOURT - 4 PIÈCES 4/12;maison-plain-pied-la-couture-b-60114296a-3.jpg;176892;https://www.aurea-immobilier.fr/fiches/4-40-26_60299040/maison-mericourt-4-pieces.html
https://www.aurea-immobilier.fr/fiches/office5/aureaimmo_140824/catalog/images/pr_p/6/0/2/9/9/0/4/0/60299040e.jpg;MAISON - MÉRICOURT - 4 PIÈCES 5/12;maison-plain-pied-la-couture-b-60114296a-3.jpg;176892;https://www.aurea-immobilier.fr/fiches/4-40-26_60299040/maison-mericourt-4-pieces.html
https://www.aurea-immobilier.fr/fiches/office5/aureaimmo_140824/catalog/images/pr_p/6/0/2/9/9/0/4/0/60299040f.jpg;MAISON - MÉRICOURT - 4 PIÈCES 6/12;maison-plain-pied-la-couture-b-60114296a-3.jpg;176892;https://www.aurea-immobilier.fr/fiches/4-40-26_60299040/maison-mericourt-4-pieces.html
https://www.aurea-immobilier.fr/fiches/office5/aureaimmo_140824/catalog/images/pr_p/6/0/2/9/9/0/4/0/60299040g.jpg;MAISON - MÉRICOURT - 4 PIÈCES 7/12;maison-plain-pied-la-couture-b-60114296a-3.jpg;176892;https://www.aurea-immobilier.fr/fiches/4-40-26_60299040/maison-mericourt-4-pieces.html
https://www.aurea-immobilier.fr/fiches/office5/aureaimmo_140824/catalog/images/pr_p/6/0/2/9/9/0/4/0/60299040h.jpg;MAISON - MÉRICOURT - 4 PIÈCES 8/12;maison-plain-pied-la-couture-b-60114296a-3.jpg;176892;https://www.aurea-immobilier.fr/fiches/4-40-26_60299040/maison-mericourt-4-pieces.html
https://www.aurea-immobilier.fr/fiches/office5/aureaimmo_140824/catalog/images/pr_p/6/0/2/9/9/0/4/0/60299040i.jpg;MAISON - MÉRICOURT - 4 PIÈCES 9/12;maison-plain-pied-la-couture-b-60114296a-3.jpg;176892;https://www.aurea-immobilier.fr/fiches/4-40-26_60299040/maison-mericourt-4-pieces.html
https://www.aurea-immobilier.fr/fiches/office5/aureaimmo_140824/catalog/images/pr_p/6/0/2/9/9/0/4/0/60299040j.jpg;MAISON - MÉRICOURT - 4 PIÈCES 10/12;maison-plain-pied-la-couture-b-60114296a-3.jpg;176892;https://www.aurea-immobilier.fr/fiches/4-40-26_60299040/maison-mericourt-4-pieces.html
https://www.aurea-immobilier.fr/fiches/office5/aureaimmo_140824/catalog/images/pr_p/6/0/2/9/9/0/4/0/60299040k.jpg;MAISON - MÉRICOURT - 4 PIÈCES 11/12;maison-plain-pied-la-couture-b-60114296a-3.jpg;176892;https://www.aurea-immobilier.fr/fiches/4-40-26_60299040/maison-mericourt-4-pieces.html
https://www.aurea-immobilier.fr/fiches/office5/aureaimmo_140824/catalog/images/pr_p/6/0/2/9/9/0/4/0/60299040l.jpg;MAISON - MÉRICOURT - 4 PIÈCES 12/12;maison-plain-pied-la-couture-b-60114296a-3.jpg;176892;https://www.aurea-immobilier.fr/fiches/4-40-26_60299040/maison-mericourt-4-pieces.html
https://www.aurea-immobilier.fr/fiches/office5_front/aureaimmo_140824/cache/dpe_ges/dpe_d517573b91423ed1aaf13ee923be3061.svg;Consommation énergetique;maison-plain-pied-la-couture-b-60114296a-3.jpg;176892;https://www.aurea-immobilier.fr/fiches/4-40-26_60299040/maison-mericourt-4-pieces.html
https://www.aurea-immobilier.fr/fiches/office5_front/aureaimmo_140824/cache/dpe_ges/ges_d517573b91423ed1aaf13ee923be3061.svg;Faible émission de GES;maison-plain-pied-la-couture-b-60114296a-3.jpg;176892;https://www.aurea-immobilier.fr/fiches/4-40-26_60299040/maison-mericourt-4-pieces.html
https://www.aurea-immobilier.fr/fiches/4-40-26_60299040/images/puce_fleche.gif;;puce_fleche-9.gif;224734;https://www.aurea-immobilier.fr/fiches/4-40-26_60299040/maison-mericourt-4-pieces.html
https://www.aurea-immobilier.fr/fiches/office5/aureaimmo_140824/catalog/images/pr_p/6/0/4/8/8/3/9/7/60488397a.jpg;MAISON - MANTES LA JOLIE - 8Pièces;maison-plain-pied-la-couture-b-60114296a-3.jpg;176892;https://www.aurea-immobilier.fr/fiches/4-40-26_60299040/maison-mericourt-4-pieces.html | https://www.aurea-immobilier.fr/fiches/4-40-26_61452626/maison-familiale-8-pieces-mantes-la-ville.html?cPath=4_40_26&products_id=61452626
https://www.aurea-immobilier.fr/fiches/office5/aureaimmo_140824/catalog/images/pr_p/6/0/4/8/8/3/9/7/60488397b.jpg;MAISON - MANTES LA JOLIE - 8Pièces 2;maison-plain-pied-la-couture-b-60114296a-3.jpg;176892;https://www.aurea-immobilier.fr/fiches/4-40-26_60299040/maison-mericourt-4-pieces.html | https://www.aurea-immobilier.fr/fiches/4-40-26_61452626/maison-familiale-8-pieces-mantes-la-ville.html?cPath=4_40_26&products_id=61452626
https://www.aurea-immobilier.fr/fiches/office5/aureaimmo_140824/catalog/images/pr_p/6/0/5/1/7/2/4/8/60517248a.jpg;MAISON - MÉRICOURT - 4 PIÈCES;maison-plain-pied-la-couture-b-60114296a-3.jpg;176892;https://www.aurea-immobilier.fr/fiches/4-40-26_60299040/maison-mericourt-4-pieces.html
https://www.aurea-immobilier.fr/fiches/office5/aureaimmo_140824/catalog/images/pr_p/6/0/5/1/7/2/4/8/60517248b.jpg;MAISON - MÉRICOURT - 4 PIÈCES 2;maison-plain-pied-la-couture-b-60114296a-3.jpg;176892;https://www.aurea-immobilier.fr/fiches/4-40-26_60299040/maison-mericourt-4-pieces.html
https://www.aurea-immobilier.fr/fiches/office5/aureaimmo_140824/catalog/images/pr_p/6/0/7/0/6/4/5/1/60706451a.jpg;Maison à rénover - Mantes-la-Jolie - 5 pièces;maison-plain-pied-la-couture-b-60114296a-3.jpg;176892;https://www.aurea-immobilier.fr/fiches/4-40-26_60299040/maison-mericourt-4-pieces.html
https://www.aurea-immobilier.fr/fiches/office5/aureaimmo_140824/catalog/images/pr_p/6/0/7/0/6/4/5/1/60706451c.jpg;Maison à rénover - Mantes-la-Jolie - 5 pièces 2;maison-plain-pied-la-couture-b-60114296a-3.jpg;176892;https://www.aurea-immobilier.fr/fiches/4-40-26_60299040/maison-mericourt-4-pieces.html
https://www.aurea-immobilier.fr/fiches/office5/aureaimmo_140824/catalog/images/pr_p/5/8/0/3/2/4/2/7/58032427a.jpg;MAISON CENTRE VILLE - MANTES LA JOLIE - 5Pièces;maison-plain-pied-la-couture-b-60114296a-3.jpg;176892;https://www.aurea-immobilier.fr/fiches/4-40-26_60299040/maison-mericourt-4-pieces.html | https://www.aurea-immobilier.fr/fiches/4-40-26_61452626/maison-familiale-8-pieces-mantes-la-ville.html?cPath=4_40_26&products_id=61452626
https://www.aurea-immobilier.fr/fiches/office5/aureaimmo_140824/catalog/images/pr_p/5/8/0/3/2/4/2/7/58032427b.jpg;MAISON CENTRE VILLE - MANTES LA JOLIE - 5Pièces 2;maison-plain-pied-la-couture-b-60114296a-3.jpg;176892;https://www.aurea-immobilier.fr/fiches/4-40-26_60299040/maison-mericourt-4-pieces.html | https://www.aurea-immobilier.fr/fiches/4-40-26_61452626/maison-familiale-8-pieces-mantes-la-ville.html?cPath=4_40_26&products_id=61452626
https://v2.immo-facile.com/office5/aureaimmo_140824/catalog/images/perso/contact.jpg;Contactez-nous;contactez-nous-contact.jpg;46597;https://www.aurea-immobilier.fr/catalog/contact_us.php?form=1
https://www.aurea-immobilier.fr/catalog/images/rgpd/droits_donnees_personnelles.png;;droits_donnees_personnelles.png;230766;https://www.aurea-immobilier.fr/catalog/gdpr.php
https://www.aurea-immobilier.fr/catalog/images/rgpd/exercer_ses_droits.png;;exercer_ses_droits.png;185984;https://www.aurea-immobilier.fr/catalog/gdpr.php
https://www.aurea-immobilier.fr/catalog/images/puce3.gif;;puce3.gif;56;https://www.aurea-immobilier.fr/catalog/site_plan.php
https://www.aurea-immobilier.fr/ville_bien/office5/aureaimmo_140824/catalog/images/aurea-logoe-ok.png;AUREA IMMOBILIER;appartement-centre-ville-3piec-59174394a.jpg;122833;https://www.aurea-immobilier.fr/ville_bien/bonnieres+sur+seine__2__vente/immobilier-bonnieres-sur-seine.html | https://www.aurea-immobilier.fr/ville_bien/follainville+dennemont__2__vente/immobilier-follainville-dennemont.html | https://www.aurea-immobilier.fr/ville_bien/mantes+la+jolie__1__vente/immobilier-mantes-la-jolie.html | https://www.aurea-immobilier.fr/ville_bien/mantes+la+jolie__2__vente/immobilier-mantes-la-jolie.html | https://www.aurea-immobilier.fr/ville_bien/mantes+la+ville__2__vente/immobilier-mantes-la-ville.html | https://www.aurea-immobilier.fr/ville_bien/vienne+en+arthies__2__vente/immobilier-vienne-en-arthies.html
https://www.aurea-immobilier.fr/ville_bien/office5/aureaimmo_140824/catalog/images/pr_p/5/9/1/7/4/3/9/4/59174394a.jpg;APPARTEMENT - CENTRE VILLE - 3Pièces;appartement-centre-ville-3piec-59174394a.jpg;122833;https://www.aurea-immobilier.fr/ville_bien/mantes+la+jolie__1__vente/immobilier-mantes-la-jolie.html
https://www.aurea-immobilier.fr/ville_bien/office5/aureaimmo_140824/catalog/images/pr_p/5/9/1/7/4/3/9/4/59174394b.jpg;APPARTEMENT - CENTRE VILLE - 3Pièces 2;appartement-centre-ville-3piec-59174394a.jpg;122833;https://www.aurea-immobilier.fr/ville_bien/mantes+la+jolie__1__vente/immobilier-mantes-la-jolie.html
https://www.aurea-immobilier.fr/ville_bien/office5/aureaimmo_140824/catalog/images/members/839241.jpg;Evan FERNANDES;appartement-centre-ville-3piec-59174394a.jpg;122833;https://www.aurea-immobilier.fr/ville_bien/bonnieres+sur+seine__2__vente/immobilier-bonnieres-sur-seine.html | https://www.aurea-immobilier.fr/ville_bien/mantes+la+jolie__1__vente/immobilier-mantes-la-jolie.html | https://www.aurea-immobilier.fr/ville_bien/mantes+la+jolie__2__vente/immobilier-mantes-la-jolie.html
https://www.aurea-immobilier.fr/ville_bien/office5/aureaimmo_140824/catalog/images/pr_p/6/1/1/8/1/1/1/0/61181110a.jpg;APPARTEMENT T2 - MANTES LA JOLIE;appartement-centre-ville-3piec-59174394a.jpg;122833;https://www.aurea-immobilier.fr/ville_bien/mantes+la+jolie__1__vente/immobilier-mantes-la-jolie.html
https://www.aurea-immobilier.fr/ville_bien/office5/aureaimmo_140824/catalog/images/pr_p/6/1/1/8/1/1/1/0/61181110b.jpg;APPARTEMENT T2 - MANTES LA JOLIE 2;appartement-centre-ville-3piec-59174394a.jpg;122833;https://www.aurea-immobilier.fr/ville_bien/mantes+la+jolie__1__vente/immobilier-mantes-la-jolie.html
https://www.aurea-immobilier.fr/ville_bien/mantes+la+jolie__1__vente/images/no-picture.svg;Jill Thepaut;jill-thepaut-no-picture-3.svg;248480;https://www.aurea-immobilier.fr/ville_bien/mantes+la+jolie__1__vente/immobilier-mantes-la-jolie.html
https://www.aurea-immobilier.fr/ville_bien/office5/aureaimmo_140824/catalog/images/pr_p/6/1/1/6/1/0/7/7/61161077a.jpg;Appartement à Mantes-La-Jolie de 3 pièces (49m2);appartement-centre-ville-3piec-59174394a.jpg;122833;https://www.aurea-immobilier.fr/ville_bien/mantes+la+jolie__1__vente/immobilier-mantes-la-jolie.html
https://www.aurea-immobilier.fr/ville_bien/office5/aureaimmo_140824/catalog/images/pr_p/6/1/1/6/1/0/7/7/61161077b.jpg;Appartement à Mantes-La-Jolie de 3 pièces (49m2) 2;appartement-centre-ville-3piec-59174394a.jpg;122833;https://www.aurea-immobilier.fr/ville_bien/mantes+la+jolie__1__vente/immobilier-mantes-la-jolie.html
https://www.aurea-immobilier.fr/ville_bien/office5/aureaimmo_140824/catalog/images/members/839238.jpg;Vincent MAUME;appartement-centre-ville-3piec-59174394a.jpg;122833;https://www.aurea-immobilier.fr/ville_bien/mantes+la+jolie__1__vente/immobilier-mantes-la-jolie.html | https://www.aurea-immobilier.fr/ville_bien/mantes+la+jolie__2__vente/immobilier-mantes-la-jolie.html
https://www.aurea-immobilier.fr/ville_bien/office5/aureaimmo_140824/catalog/images/pr_p/6/0/9/9/2/6/3/3/60992633a.jpg;Joli studio à Mantes-la-Jolie de 28 m2;appartement-centre-ville-3piec-59174394a.jpg;122833;https://www.aurea-immobilier.fr/ville_bien/mantes+la+jolie__1__vente/immobilier-mantes-la-jolie.html
https://www.aurea-immobilier.fr/ville_bien/office5/aureaimmo_140824/catalog/images/pr_p/6/0/9/9/2/6/3/3/60992633b.jpg;Joli studio à Mantes-la-Jolie de 28 m2 2;appartement-centre-ville-3piec-59174394a.jpg;122833;https://www.aurea-immobilier.fr/ville_bien/mantes+la+jolie__1__vente/immobilier-mantes-la-jolie.html
https://www.aurea-immobilier.fr/ville_bien/office5/aureaimmo_140824/catalog/images/pr_p/6/0/9/6/2/7/1/7/60962717a.jpg;APPARTEMENT - MANTES LA JOLIE - GARE;appartement-centre-ville-3piec-59174394a.jpg;122833;https://www.aurea-immobilier.fr/ville_bien/mantes+la+jolie__1__vente/immobilier-mantes-la-jolie.html
https://www.aurea-immobilier.fr/ville_bien/office5/aureaimmo_140824/catalog/images/pr_p/6/0/9/6/2/7/1/7/60962717b.jpg;APPARTEMENT - MANTES LA JOLIE - GARE 2;appartement-centre-ville-3piec-59174394a.jpg;122833;https://www.aurea-immobilier.fr/ville_bien/mantes+la+jolie__1__vente/immobilier-mantes-la-jolie.html
https://www.aurea-immobilier.fr/ville_bien/office5/aureaimmo_140824/catalog/images/members/840371.jpg;Oriane Cherel;appartement-centre-ville-3piec-59174394a.jpg;122833;https://www.aurea-immobilier.fr/ville_bien/bonnieres+sur+seine__2__vente/immobilier-bonnieres-sur-seine.html | https://www.aurea-immobilier.fr/ville_bien/follainville+dennemont__2__vente/immobilier-follainville-dennemont.html | https://www.aurea-immobilier.fr/ville_bien/mantes+la+jolie__1__vente/immobilier-mantes-la-jolie.html | https://www.aurea-immobilier.fr/ville_bien/mantes+la+ville__2__vente/immobilier-mantes-la-ville.html
https://www.aurea-immobilier.fr/ville_bien/office5/aureaimmo_140824/catalog/images/pr_p/6/0/2/5/7/2/6/9/60257269a.jpg;Appartement Mantes La Jolie 5 pièces de 93,6 m2;appartement-centre-ville-3piec-59174394a.jpg;122833;https://www.aurea-immobilier.fr/ville_bien/mantes+la+jolie__1__vente/immobilier-mantes-la-jolie.html
https://www.aurea-immobilier.fr/ville_bien/office5/aureaimmo_140824/catalog/images/pr_p/6/0/2/5/7/2/6/9/60257269b.jpg;Appartement Mantes La Jolie 5 pièces de 93,6 m2 2;appartement-centre-ville-3piec-59174394a.jpg;122833;https://www.aurea-immobilier.fr/ville_bien/mantes+la+jolie__1__vente/immobilier-mantes-la-jolie.html
https://www.aurea-immobilier.fr/ville_bien/office5/aureaimmo_140824/catalog/images/pr_p/6/0/3/6/8/0/1/2/60368012a.jpg;APPARTEMENT - MANTES LA JOLIE - 4Pièces;appartement-centre-ville-3piec-59174394a.jpg;122833;https://www.aurea-immobilier.fr/ville_bien/mantes+la+jolie__1__vente/immobilier-mantes-la-jolie.html
https://www.aurea-immobilier.fr/ville_bien/office5/aureaimmo_140824/catalog/images/pr_p/6/0/3/6/8/0/1/2/60368012b.jpg;APPARTEMENT - MANTES LA JOLIE - 4Pièces 2;appartement-centre-ville-3piec-59174394a.jpg;122833;https://www.aurea-immobilier.fr/ville_bien/mantes+la+jolie__1__vente/immobilier-mantes-la-jolie.html
https://www.aurea-immobilier.fr/ville_bien/office5/aureaimmo_140824/catalog/images/pr_p/6/0/7/2/3/7/8/5/60723785a.jpg;APPARTEMENT - MANTES LA JOLIE - Centre Ville - 3Pièces;appartement-centre-ville-3piec-59174394a.jpg;122833;https://www.aurea-immobilier.fr/ville_bien/mantes+la+jolie__1__vente/immobilier-mantes-la-jolie.html
https://www.aurea-immobilier.fr/ville_bien/office5/aureaimmo_140824/catalog/images/pr_p/6/0/7/2/3/7/8/5/60723785b.jpg;APPARTEMENT - MANTES LA JOLIE - Centre Ville - 3Pièces 2;appartement-centre-ville-3piec-59174394a.jpg;122833;https://www.aurea-immobilier.fr/ville_bien/mantes+la+jolie__1__vente/immobilier-mantes-la-jolie.html
https://www.aurea-immobilier.fr/ville_bien/office5/aureaimmo_140824/catalog/images/pr_p/5/9/1/6/9/5/4/2/59169542a.jpg;Appartement Mantes La Jolie 4 pièce(s);appartement-centre-ville-3piec-59174394a.jpg;122833;https://www.aurea-immobilier.fr/ville_bien/mantes+la+jolie__1__vente/immobilier-mantes-la-jolie.html
https://www.aurea-immobilier.fr/ville_bien/office5/aureaimmo_140824/catalog/images/pr_p/5/9/1/6/9/5/4/2/59169542b.jpg;Appartement Mantes La Jolie 4 pièce(s) 2;appartement-centre-ville-3piec-59174394a.jpg;122833;https://www.aurea-immobilier.fr/ville_bien/mantes+la+jolie__1__vente/immobilier-mantes-la-jolie.html
https://www.aurea-immobilier.fr/ville_bien/office5/aureaimmo_140824/catalog/images/members/839272.jpg;Justine Vitry;appartement-centre-ville-3piec-59174394a.jpg;122833;https://www.aurea-immobilier.fr/ville_bien/mantes+la+jolie__1__vente/immobilier-mantes-la-jolie.html | https://www.aurea-immobilier.fr/ville_bien/mantes+la+jolie__2__vente/immobilier-mantes-la-jolie.html
https://www.aurea-immobilier.fr/ville_bien/office5/aureaimmo_140824/catalog/images/pr_p/6/0/7/0/6/4/5/1/60706451a.jpg;Maison à rénover - Mantes-la-Jolie - 5 pièces;appartement-centre-ville-3piec-59174394a.jpg;122833;https://www.aurea-immobilier.fr/ville_bien/mantes+la+jolie__2__vente/immobilier-mantes-la-jolie.html
https://www.aurea-immobilier.fr/ville_bien/office5/aureaimmo_140824/catalog/images/pr_p/6/0/7/0/6/4/5/1/60706451c.jpg;Maison à rénover - Mantes-la-Jolie - 5 pièces 2;appartement-centre-ville-3piec-59174394a.jpg;122833;https://www.aurea-immobilier.fr/ville_bien/mantes+la+jolie__2__vente/immobilier-mantes-la-jolie.html
https://www.aurea-immobilier.fr/ville_bien/office5/aureaimmo_140824/catalog/images/pr_p/6/0/1/8/5/1/5/7/60185157a.jpg;Maison 5 pièces, 3 chambres à Mantes-la-Jolie;appartement-centre-ville-3piec-59174394a.jpg;122833;https://www.aurea-immobilier.fr/ville_bien/mantes+la+jolie__2__vente/immobilier-mantes-la-jolie.html
https://www.aurea-immobilier.fr/ville_bien/office5/aureaimmo_140824/catalog/images/pr_p/6/0/1/8/5/1/5/7/60185157b.jpg;Maison 5 pièces, 3 chambres à Mantes-la-Jolie 2;appartement-centre-ville-3piec-59174394a.jpg;122833;https://www.aurea-immobilier.fr/ville_bien/mantes+la+jolie__2__vente/immobilier-mantes-la-jolie.html
https://www.aurea-immobilier.fr/ville_bien/office5/aureaimmo_140824/catalog/images/pr_p/6/0/4/8/8/3/9/7/60488397a.jpg;MAISON - MANTES LA JOLIE - 8Pièces;appartement-centre-ville-3piec-59174394a.jpg;122833;https://www.aurea-immobilier.fr/ville_bien/mantes+la+jolie__2__vente/immobilier-mantes-la-jolie.html
https://www.aurea-immobilier.fr/ville_bien/office5/aureaimmo_140824/catalog/images/pr_p/6/0/4/8/8/3/9/7/60488397b.jpg;MAISON - MANTES LA JOLIE - 8Pièces 2;appartement-centre-ville-3piec-59174394a.jpg;122833;https://www.aurea-immobilier.fr/ville_bien/mantes+la+jolie__2__vente/immobilier-mantes-la-jolie.html
https://www.aurea-immobilier.fr/ville_bien/office5/aureaimmo_140824/catalog/images/pr_p/6/0/5/5/2/0/2/8/60552028a.jpg;Maison - Mantes la Jolie - 7 Pièces;appartement-centre-ville-3piec-59174394a.jpg;122833;https://www.aurea-immobilier.fr/ville_bien/mantes+la+jolie__2__vente/immobilier-mantes-la-jolie.html
https://www.aurea-immobilier.fr/ville_bien/office5/aureaimmo_140824/catalog/images/pr_p/6/0/5/5/2/0/2/8/60552028b.jpg;Maison - Mantes la Jolie - 7 Pièces 2;appartement-centre-ville-3piec-59174394a.jpg;122833;https://www.aurea-immobilier.fr/ville_bien/mantes+la+jolie__2__vente/immobilier-mantes-la-jolie.html
https://www.aurea-immobilier.fr/ville_bien/office5/aureaimmo_140824/catalog/images/members/847433.jpg;Aimée VAILLANT;appartement-centre-ville-3piec-59174394a.jpg;122833;https://www.aurea-immobilier.fr/ville_bien/mantes+la+jolie__2__vente/immobilier-mantes-la-jolie.html
https://www.aurea-immobilier.fr/ville_bien/office5/aureaimmo_140824/catalog/images/pr_p/5/8/3/5/2/1/3/3/58352133a.jpg;MAISON - MANTES LA JOLIE - 5Pièces;appartement-centre-ville-3piec-59174394a.jpg;122833;https://www.aurea-immobilier.fr/ville_bien/mantes+la+jolie__2__vente/immobilier-mantes-la-jolie.html
https://www.aurea-immobilier.fr/ville_bien/office5/aureaimmo_140824/catalog/images/pr_p/5/8/3/5/2/1/3/3/58352133b.jpg;MAISON - MANTES LA JOLIE - 5Pièces 2;appartement-centre-ville-3piec-59174394a.jpg;122833;https://www.aurea-immobilier.fr/ville_bien/mantes+la+jolie__2__vente/immobilier-mantes-la-jolie.html
https://www.aurea-immobilier.fr/ville_bien/office5/aureaimmo_140824/catalog/images/pr_p/5/8/0/3/2/4/2/7/58032427a.jpg;MAISON CENTRE VILLE - MANTES LA JOLIE - 5Pièces;appartement-centre-ville-3piec-59174394a.jpg;122833;https://www.aurea-immobilier.fr/ville_bien/mantes+la+jolie__2__vente/immobilier-mantes-la-jolie.html
https://www.aurea-immobilier.fr/ville_bien/office5/aureaimmo_140824/catalog/images/pr_p/5/8/0/3/2/4/2/7/58032427b.jpg;MAISON CENTRE VILLE - MANTES LA JOLIE - 5Pièces 2;appartement-centre-ville-3piec-59174394a.jpg;122833;https://www.aurea-immobilier.fr/ville_bien/mantes+la+jolie__2__vente/immobilier-mantes-la-jolie.html
https://www.aurea-immobilier.fr/ville_bien/office5/aureaimmo_140824/catalog/images/pr_p/5/7/2/0/2/8/4/8/57202848a.jpg;MAISON - MANTES LA JOLIE - 3Pièces;appartement-centre-ville-3piec-59174394a.jpg;122833;https://www.aurea-immobilier.fr/ville_bien/mantes+la+jolie__2__vente/immobilier-mantes-la-jolie.html
https://www.aurea-immobilier.fr/ville_bien/office5/aureaimmo_140824/catalog/images/pr_p/5/7/2/0/2/8/4/8/57202848c.jpg;MAISON - MANTES LA JOLIE - 3Pièces 2;appartement-centre-ville-3piec-59174394a.jpg;122833;https://www.aurea-immobilier.fr/ville_bien/mantes+la+jolie__2__vente/immobilier-mantes-la-jolie.html
https://www.aurea-immobilier.fr/ville_bien/office5/aureaimmo_140824/catalog/images/pr_p/6/1/4/5/2/6/2/6/61452626a.jpg;MAISON FAMILIALE - 8 PIÈCES - MANTES LA VILLE;appartement-centre-ville-3piec-59174394a.jpg;122833;https://www.aurea-immobilier.fr/ville_bien/mantes+la+ville__2__vente/immobilier-mantes-la-ville.html
https://www.aurea-immobilier.fr/ville_bien/office5/aureaimmo_140824/catalog/images/pr_p/6/1/4/5/2/6/2/6/61452626b.jpg;MAISON FAMILIALE - 8 PIÈCES - MANTES LA VILLE 2;appartement-centre-ville-3piec-59174394a.jpg;122833;https://www.aurea-immobilier.fr/ville_bien/mantes+la+ville__2__vente/immobilier-mantes-la-ville.html
https://www.aurea-immobilier.fr/ville_bien/office5/aureaimmo_140824/catalog/images/pr_p/5/8/3/0/6/3/3/7/58306337a.jpg;Maison - Mantes La Ville - 140m²;appartement-centre-ville-3piec-59174394a.jpg;122833;https://www.aurea-immobilier.fr/ville_bien/mantes+la+ville__2__vente/immobilier-mantes-la-ville.html
https://www.aurea-immobilier.fr/ville_bien/office5/aureaimmo_140824/catalog/images/pr_p/5/8/3/0/6/3/3/7/58306337b.jpg;Maison - Mantes La Ville - 140m² 2;appartement-centre-ville-3piec-59174394a.jpg;122833;https://www.aurea-immobilier.fr/ville_bien/mantes+la+ville__2__vente/immobilier-mantes-la-ville.html
https://www.aurea-immobilier.fr/ville_bien/office5/aureaimmo_140824/catalog/images/pr_p/5/8/3/0/6/3/8/4/58306384a.jpg;Maison  - Mantes La Ville - 150m²;appartement-centre-ville-3piec-59174394a.jpg;122833;https://www.aurea-immobilier.fr/ville_bien/mantes+la+ville__2__vente/immobilier-mantes-la-ville.html
https://www.aurea-immobilier.fr/ville_bien/office5/aureaimmo_140824/catalog/images/pr_p/5/8/3/0/6/3/8/4/58306384b.jpg;Maison  - Mantes La Ville - 150m² 2;appartement-centre-ville-3piec-59174394a.jpg;122833;https://www.aurea-immobilier.fr/ville_bien/mantes+la+ville__2__vente/immobilier-mantes-la-ville.html
https://www.aurea-immobilier.fr/ville_bien/office5/aureaimmo_140824/catalog/images/pr_p/5/8/3/0/6/4/0/3/58306403a.jpg;Maison - Mantes La Ville - 90m²;appartement-centre-ville-3piec-59174394a.jpg;122833;https://www.aurea-immobilier.fr/ville_bien/mantes+la+ville__2__vente/immobilier-mantes-la-ville.html
https://www.aurea-immobilier.fr/ville_bien/office5/aureaimmo_140824/catalog/images/pr_p/5/8/3/0/6/4/0/3/58306403b.jpg;Maison - Mantes La Ville - 90m² 2;appartement-centre-ville-3piec-59174394a.jpg;122833;https://www.aurea-immobilier.fr/ville_bien/mantes+la+ville__2__vente/immobilier-mantes-la-ville.html
https://www.aurea-immobilier.fr/ville_bien/office5/aureaimmo_140824/catalog/images/pr_p/5/8/3/0/5/6/8/0/58305680a.jpg;Maison - Mantes La Ville - 200m2;appartement-centre-ville-3piec-59174394a.jpg;122833;https://www.aurea-immobilier.fr/ville_bien/mantes+la+ville__2__vente/immobilier-mantes-la-ville.html
https://www.aurea-immobilier.fr/ville_bien/office5/aureaimmo_140824/catalog/images/pr_p/5/8/3/0/5/6/8/0/58305680b.jpg;Maison - Mantes La Ville - 200m2 2;appartement-centre-ville-3piec-59174394a.jpg;122833;https://www.aurea-immobilier.fr/ville_bien/mantes+la+ville__2__vente/immobilier-mantes-la-ville.html
https://www.aurea-immobilier.fr/ville_bien/office5/aureaimmo_140824/catalog/images/pr_p/5/8/3/0/3/4/3/8/58303438a.jpg;MAISON - MANTES LA VILLE - 141M2;appartement-centre-ville-3piec-59174394a.jpg;122833;https://www.aurea-immobilier.fr/ville_bien/mantes+la+ville__2__vente/immobilier-mantes-la-ville.html
https://www.aurea-immobilier.fr/ville_bien/office5/aureaimmo_140824/catalog/images/pr_p/5/8/3/0/3/4/3/8/58303438b.jpg;MAISON - MANTES LA VILLE - 141M2 2;appartement-centre-ville-3piec-59174394a.jpg;122833;https://www.aurea-immobilier.fr/ville_bien/mantes+la+ville__2__vente/immobilier-mantes-la-ville.html
https://www.aurea-immobilier.fr/ville_bien/office5/aureaimmo_140824/catalog/images/pr_p/6/1/4/9/6/5/4/4/61496544a.jpg;ENSEMBLE IMMOBILIER - VIENNES EN ARTHIES - 3MAISONS;appartement-centre-ville-3piec-59174394a.jpg;122833;https://www.aurea-immobilier.fr/ville_bien/vienne+en+arthies__2__vente/immobilier-vienne-en-arthies.html
https://www.aurea-immobilier.fr/ville_bien/office5/aureaimmo_140824/catalog/images/pr_p/6/1/4/9/6/5/4/4/61496544b.jpg;ENSEMBLE IMMOBILIER - VIENNES EN ARTHIES - 3MAISONS 2;appartement-centre-ville-3piec-59174394a.jpg;122833;https://www.aurea-immobilier.fr/ville_bien/vienne+en+arthies__2__vente/immobilier-vienne-en-arthies.html
https://www.aurea-immobilier.fr/ville_bien/office5/aureaimmo_140824/catalog/images/members/839239.jpg;Hélène VERMEIRE BENZ;appartement-centre-ville-3piec-59174394a.jpg;122833;https://www.aurea-immobilier.fr/ville_bien/follainville+dennemont__2__vente/immobilier-follainville-dennemont.html | https://www.aurea-immobilier.fr/ville_bien/vienne+en+arthies__2__vente/immobilier-vienne-en-arthies.html
https://www.aurea-immobilier.fr/ville_bien/office5/aureaimmo_140824/catalog/images/pr_p/6/1/1/8/0/4/6/1/61180461a.jpg;MAISON EN PIERRE AVEC DEPENDANCE - VIENNES EN ARTHIES - 8Pièces;appartement-centre-ville-3piec-59174394a.jpg;122833;https://www.aurea-immobilier.fr/ville_bien/vienne+en+arthies__2__vente/immobilier-vienne-en-arthies.html
https://www.aurea-immobilier.fr/ville_bien/office5/aureaimmo_140824/catalog/images/pr_p/6/1/1/8/0/4/6/1/61180461b.jpg;MAISON EN PIERRE AVEC DEPENDANCE - VIENNES EN ARTHIES - 8Pièces 2;appartement-centre-ville-3piec-59174394a.jpg;122833;https://www.aurea-immobilier.fr/ville_bien/vienne+en+arthies__2__vente/immobilier-vienne-en-arthies.html
https://www.aurea-immobilier.fr/ville_bien/office5/aureaimmo_140824/catalog/images/pr_p/6/1/4/9/3/0/7/0/61493070a.jpg;MAISON - VIENNES EN ARTHIES - 5Pièces;appartement-centre-ville-3piec-59174394a.jpg;122833;https://www.aurea-immobilier.fr/ville_bien/vienne+en+arthies__2__vente/immobilier-vienne-en-arthies.html
https://www.aurea-immobilier.fr/ville_bien/office5/aureaimmo_140824/catalog/images/pr_p/6/1/4/9/3/0/7/0/61493070b.jpg;MAISON - VIENNES EN ARTHIES - 5Pièces 2;appartement-centre-ville-3piec-59174394a.jpg;122833;https://www.aurea-immobilier.fr/ville_bien/vienne+en+arthies__2__vente/immobilier-vienne-en-arthies.html
https://www.aurea-immobilier.fr/ville_bien/office5/aureaimmo_140824/catalog/images/pr_p/6/0/9/7/4/1/4/9/60974149a.jpg;MAISON - FOLLAINVILLE DENNEMONT - 6Pièces;appartement-centre-ville-3piec-59174394a.jpg;122833;https://www.aurea-immobilier.fr/ville_bien/follainville+dennemont__2__vente/immobilier-follainville-dennemont.html
https://www.aurea-immobilier.fr/ville_bien/office5/aureaimmo_140824/catalog/images/pr_p/6/0/9/7/4/1/4/9/60974149b.jpg;MAISON - FOLLAINVILLE DENNEMONT - 6Pièces 2;appartement-centre-ville-3piec-59174394a.jpg;122833;https://www.aurea-immobilier.fr/ville_bien/follainville+dennemont__2__vente/immobilier-follainville-dennemont.html
https://www.aurea-immobilier.fr/ville_bien/office5/aureaimmo_140824/catalog/images/pr_p/5/8/2/6/3/3/9/2/58263392a.jpg;MAISON - FOLLAINVILLE-DENNEMONT;appartement-centre-ville-3piec-59174394a.jpg;122833;https://www.aurea-immobilier.fr/ville_bien/follainville+dennemont__2__vente/immobilier-follainville-dennemont.html
https://www.aurea-immobilier.fr/ville_bien/office5/aureaimmo_140824/catalog/images/pr_p/5/8/2/6/3/3/9/2/58263392b.jpg;MAISON - FOLLAINVILLE-DENNEMONT 2;appartement-centre-ville-3piec-59174394a.jpg;122833;https://www.aurea-immobilier.fr/ville_bien/follainville+dennemont__2__vente/immobilier-follainville-dennemont.html
https://www.aurea-immobilier.fr/ville_bien/office5/aureaimmo_140824/catalog/images/pr_p/6/0/5/1/7/2/4/8/60517248a.jpg;MAISON - MÉRICOURT - 4 PIÈCES;appartement-centre-ville-3piec-59174394a.jpg;122833;https://www.aurea-immobilier.fr/ville_bien/bonnieres+sur+seine__2__vente/immobilier-bonnieres-sur-seine.html
https://www.aurea-immobilier.fr/ville_bien/office5/aureaimmo_140824/catalog/images/pr_p/6/0/5/1/7/2/4/8/60517248b.jpg;MAISON - MÉRICOURT - 4 PIÈCES 2;appartement-centre-ville-3piec-59174394a.jpg;122833;https://www.aurea-immobilier.fr/ville_bien/bonnieres+sur+seine__2__vente/immobilier-bonnieres-sur-seine.html
https://www.aurea-immobilier.fr/ville_bien/office5/aureaimmo_140824/catalog/images/pr_p/6/0/5/7/8/4/6/4/60578464a.jpg;MAISON - BONNIÈRE SUR SEINE - 5Pièces;appartement-centre-ville-3piec-59174394a.jpg;122833;https://www.aurea-immobilier.fr/ville_bien/bonnieres+sur+seine__2__vente/immobilier-bonnieres-sur-seine.html
https://www.aurea-immobilier.fr/ville_bien/office5/aureaimmo_140824/catalog/images/pr_p/6/0/5/7/8/4/6/4/60578464b.jpg;MAISON - BONNIÈRE SUR SEINE - 5Pièces 2;appartement-centre-ville-3piec-59174394a.jpg;122833;https://www.aurea-immobilier.fr/ville_bien/bonnieres+sur+seine__2__vente/immobilier-bonnieres-sur-seine.html
https://www.aurea-immobilier.fr/annonces/office5/aureaimmo_140824/catalog/images/pr_p/5/6/3/4/4/5/7/4/56344574a.jpg;MAISON - BRUEIL EN VEXIN - 9 pièces;maison-brueil-en-vexin-9-piece-56344574a.jpg;116374;https://www.aurea-immobilier.fr/../annonces/transaction_____2/vente.html | https://www.aurea-immobilier.fr/annonces/agent/839239-helene-vermeire-benz.html
https://www.aurea-immobilier.fr/annonces/office5/aureaimmo_140824/catalog/images/pr_p/5/6/3/4/4/5/7/4/56344574b.jpg;MAISON - BRUEIL EN VEXIN - 9 pièces 2;maison-plain-pied-la-couture-b-60114296a-2.jpg;116347;https://www.aurea-immobilier.fr/../annonces/transaction_____2/vente.html | https://www.aurea-immobilier.fr/annonces/agent/839239-helene-vermeire-benz.html
https://www.aurea-immobilier.fr/annonces/office5/aureaimmo_140824/catalog/images/pr_p/5/9/9/8/7/3/6/9/59987369a.jpg;MAISON D'EXCEPTION - EVECQUEMONT - VALLEE DE LA SEINE - 8 Pièces;aurea-immobilier-aurea-logoe-ok-2.png;116368;https://www.aurea-immobilier.fr/../annonces/transaction_____2/vente.html | https://www.aurea-immobilier.fr/annonces/agent/839239-helene-vermeire-benz.html
https://www.aurea-immobilier.fr/annonces/office5/aureaimmo_140824/catalog/images/pr_p/5/9/9/8/7/3/6/9/59987369b.jpg;MAISON D'EXCEPTION - EVECQUEMONT - VALLEE DE LA SEINE - 8 Pièces 2;maison-plain-pied-la-couture-b-60114296a-2.jpg;116347;https://www.aurea-immobilier.fr/../annonces/transaction_____2/vente.html | https://www.aurea-immobilier.fr/annonces/agent/839239-helene-vermeire-benz.html
https://www.aurea-immobilier.fr/annonces/office5/aureaimmo_140824/catalog/images/pr_p/6/0/5/4/0/1/9/7/60540197a.jpg;MAISON D'EXCEPTION - FEUCHEROLLES;aurea-immobilier-aurea-logoe-ok-2.png;116368;https://www.aurea-immobilier.fr/../annonces/transaction_____2/vente.html | https://www.aurea-immobilier.fr/annonces/agent/839239-helene-vermeire-benz.html
https://www.aurea-immobilier.fr/annonces/office5/aureaimmo_140824/catalog/images/pr_p/6/0/5/4/0/1/9/7/60540197b.jpg;MAISON D'EXCEPTION - FEUCHEROLLES 2;aurea-immobilier-aurea-logoe-ok-2.png;116368;https://www.aurea-immobilier.fr/../annonces/transaction_____2/vente.html | https://www.aurea-immobilier.fr/annonces/agent/839239-helene-vermeire-benz.html
https://www.aurea-immobilier.fr/annonces/office5/aureaimmo_140824/catalog/images/pr_p/5/8/8/1/6/6/9/2/58816692a.jpg;MAISON AVEC PISCINE - BOINVILLIERS - 6Pièces;aurea-immobilier-aurea-logoe-ok-2.png;116368;https://www.aurea-immobilier.fr/../annonces/transaction_____2/vente.html | https://www.aurea-immobilier.fr/annonces/agent/839239-helene-vermeire-benz.html
https://www.aurea-immobilier.fr/annonces/office5/aureaimmo_140824/catalog/images/pr_p/5/8/8/1/6/6/9/2/58816692b.jpg;MAISON AVEC PISCINE - BOINVILLIERS - 6Pièces 2;aurea-immobilier-aurea-logoe-ok-2.png;116368;https://www.aurea-immobilier.fr/../annonces/transaction_____2/vente.html | https://www.aurea-immobilier.fr/annonces/agent/839239-helene-vermeire-benz.html
https://www.aurea-immobilier.fr/annonces/office5/aureaimmo_140824/catalog/images/pr_p/6/0/6/6/9/9/1/0/60669910a.jpg;MAISON D'EXCEPTION - PORCHEVILLE - BORDS DE SEINE;aurea-immobilier-aurea-logoe-ok-2.png;116368;https://www.aurea-immobilier.fr/../annonces/transaction_____2/vente.html | https://www.aurea-immobilier.fr/annonces/agent/839239-helene-vermeire-benz.html
https://www.aurea-immobilier.fr/annonces/office5/aureaimmo_140824/catalog/images/pr_p/6/0/6/6/9/9/1/0/60669910b.jpg;MAISON D'EXCEPTION - PORCHEVILLE - BORDS DE SEINE 2;aurea-immobilier-aurea-logoe-ok-2.png;116368;https://www.aurea-immobilier.fr/../annonces/transaction_____2/vente.html | https://www.aurea-immobilier.fr/annonces/agent/839239-helene-vermeire-benz.html
https://www.aurea-immobilier.fr/annonces/office5/aureaimmo_140824/catalog/images/pr_p/6/0/1/9/9/7/9/3/60199793a.jpg;MAISON DE CHARME - ARTHIES - 5pièces;aurea-immobilier-aurea-logoe-ok-2.png;116368;https://www.aurea-immobilier.fr/../annonces/transaction_____2/vente.html | https://www.aurea-immobilier.fr/annonces/agent/839239-helene-vermeire-benz.html
https://www.aurea-immobilier.fr/annonces/office5/aureaimmo_140824/catalog/images/pr_p/6/0/1/9/9/7/9/3/60199793b.jpg;MAISON DE CHARME - ARTHIES - 5pièces 2;aurea-immobilier-aurea-logoe-ok-2.png;116368;https://www.aurea-immobilier.fr/../annonces/transaction_____2/vente.html | https://www.aurea-immobilier.fr/annonces/agent/839239-helene-vermeire-benz.html
https://www.aurea-immobilier.fr/annonces/office5/aureaimmo_140824/catalog/images/pr_p/5/9/9/2/0/6/9/8/59920698a.jpg;IMMEUBLE DE RAPPORT - PONTOISE - RER C;aurea-immobilier-aurea-logoe-ok-2.png;116368;https://www.aurea-immobilier.fr/../annonces/transaction_____2/vente.html | https://www.aurea-immobilier.fr/annonces/agent/839239-helene-vermeire-benz.html
https://www.aurea-immobilier.fr/annonces/office5/aureaimmo_140824/catalog/images/pr_p/5/9/9/2/0/6/9/8/59920698b.jpg;IMMEUBLE DE RAPPORT - PONTOISE - RER C 2;aurea-immobilier-aurea-logoe-ok-2.png;116368;https://www.aurea-immobilier.fr/../annonces/transaction_____2/vente.html | https://www.aurea-immobilier.fr/annonces/agent/839239-helene-vermeire-benz.html
https://www.aurea-immobilier.fr/annonces/office5/aureaimmo_140824/catalog/images/pr_p/5/8/2/9/9/0/3/4/58299034a.jpg;MAISON D'EXCEPTION  AVEC PISCINE ET DEPENDANCE;aurea-immobilier-aurea-logoe-ok-2.png;116368;https://www.aurea-immobilier.fr/../annonces/transaction_____2/vente.html | https://www.aurea-immobilier.fr/annonces/agent/839239-helene-vermeire-benz.html
https://www.aurea-immobilier.fr/annonces/office5/aureaimmo_140824/catalog/images/pr_p/5/8/2/9/9/0/3/4/58299034b.jpg;MAISON D'EXCEPTION  AVEC PISCINE ET DEPENDANCE 2;aurea-immobilier-aurea-logoe-ok-2.png;116368;https://www.aurea-immobilier.fr/../annonces/transaction_____2/vente.html | https://www.aurea-immobilier.fr/annonces/agent/839239-helene-vermeire-benz.html
https://www.aurea-immobilier.fr/annonces/office5/aureaimmo_140824/catalog/images/pr_p/5/9/2/0/2/0/4/2/59202042a.jpg;TERRAIN A BATIR - ROSNY SUR SEINE - 505m²;aurea-immobilier-aurea-logoe-ok-2.png;116368;https://www.aurea-immobilier.fr/../annonces/transaction_____3/vente.html | https://www.aurea-immobilier.fr/annonces/agent/839239-helene-vermeire-benz.html
https://www.aurea-immobilier.fr/annonces/office5/aureaimmo_140824/catalog/images/pr_p/5/9/2/0/2/0/4/2/59202042b.jpg;TERRAIN A BATIR - ROSNY SUR SEINE - 505m² 2;terrain-a-batir-rosny-sur-sein-59202042b.jpg;116374;https://www.aurea-immobilier.fr/../annonces/transaction_____3/vente.html | https://www.aurea-immobilier.fr/annonces/agent/839239-helene-vermeire-benz.html
https://www.aurea-immobilier.fr/annonces/office5/aureaimmo_140824/catalog/images/pr_p/6/0/7/2/4/8/5/7/60724857a.jpg;Maison de 5 pièces, 3 chambres LES MUREAUX;aurea-immobilier-aurea-logoe-ok-2.png;116368;https://www.aurea-immobilier.fr/../annonces/transaction_____2/vente.html | https://www.aurea-immobilier.fr/annonces/agent/839238-vincent-maume.html
https://www.aurea-immobilier.fr/annonces/office5/aureaimmo_140824/catalog/images/pr_p/6/0/7/2/4/8/5/7/60724857b.jpg;Maison de 5 pièces, 3 chambres LES MUREAUX 2;aurea-immobilier-aurea-logoe-ok-2.png;116368;https://www.aurea-immobilier.fr/../annonces/transaction_____2/vente.html | https://www.aurea-immobilier.fr/annonces/agent/839238-vincent-maume.html
https://www.aurea-immobilier.fr/annonces/office5/aureaimmo_140824/catalog/images/pr_p/6/0/8/4/0/5/0/1/60840501a.jpg;Maison ORGEVAL 5 pièce(s) 110 m2;aurea-immobilier-aurea-logoe-ok-2.png;116368;https://www.aurea-immobilier.fr/../annonces/transaction_____2/vente.html | https://www.aurea-immobilier.fr/annonces/agent/839238-vincent-maume.html
https://www.aurea-immobilier.fr/annonces/office5/aureaimmo_140824/catalog/images/pr_p/6/0/8/4/0/5/0/1/60840501b.jpg;Maison ORGEVAL 5 pièce(s) 110 m2 2;aurea-immobilier-aurea-logoe-ok-2.png;116368;https://www.aurea-immobilier.fr/../annonces/transaction_____2/vente.html | https://www.aurea-immobilier.fr/annonces/agent/839238-vincent-maume.html
https://www.aurea-immobilier.fr/annonces/office5/aureaimmo_140824/catalog/images/pr_p/5/9/8/0/2/7/7/7/59802777a.jpg;Place de parking à boxer sur Mantes-la-Jolie;aurea-immobilier-aurea-logoe-ok-2.png;116368;https://www.aurea-immobilier.fr/../annonces/transaction_____2/vente.html | https://www.aurea-immobilier.fr/annonces/agent/839238-vincent-maume.html
https://www.aurea-immobilier.fr/annonces/office5/aureaimmo_140824/catalog/images/pr_p/6/0/1/1/9/2/8/3/60119283a.jpg;Appartement Argenteuil 3 pièces 67 m2;aurea-immobilier-aurea-logoe-ok-2.png;116368;https://www.aurea-immobilier.fr/../annonces/transaction_____2/vente.html | https://www.aurea-immobilier.fr/annonces/agent/839238-vincent-maume.html
https://www.aurea-immobilier.fr/annonces/office5/aureaimmo_140824/catalog/images/pr_p/6/0/1/1/9/2/8/3/60119283b.jpg;Appartement Argenteuil 3 pièces 67 m2 2;aurea-immobilier-aurea-logoe-ok-2.png;116368;https://www.aurea-immobilier.fr/../annonces/transaction_____2/vente.html | https://www.aurea-immobilier.fr/annonces/agent/839238-vincent-maume.html
https://www.aurea-immobilier.fr/annonces/office5/aureaimmo_140824/catalog/images/pr_p/6/0/5/1/5/9/5/9/60515959a.jpg;MAISON - FOLLAINVILLE-DENNEMONT;aurea-immobilier-aurea-logoe-ok-2.png;116368;https://www.aurea-immobilier.fr/../annonces/transaction_____2/vente.html | https://www.aurea-immobilier.fr/annonces/agent/840371-oriane-cherel.html
https://www.aurea-immobilier.fr/annonces/office5/aureaimmo_140824/catalog/images/pr_p/6/0/5/1/5/9/5/9/60515959b.jpg;MAISON - FOLLAINVILLE-DENNEMONT 2;maison-plain-pied-la-couture-b-60114296a-2.jpg;116347;https://www.aurea-immobilier.fr/../annonces/transaction_____2/vente.html | https://www.aurea-immobilier.fr/annonces/agent/840371-oriane-cherel.html
https://www.aurea-immobilier.fr/annonces/office5/aureaimmo_140824/catalog/images/pr_p/5/8/2/6/3/3/9/2/58263392a.jpg;MAISON - FOLLAINVILLE-DENNEMONT;aurea-immobilier-aurea-logoe-ok-2.png;116368;https://www.aurea-immobilier.fr/../annonces/transaction_____3/vente.html | https://www.aurea-immobilier.fr/annonces/agent/840371-oriane-cherel.html
https://www.aurea-immobilier.fr/annonces/office5/aureaimmo_140824/catalog/images/pr_p/5/8/2/6/3/3/9/2/58263392b.jpg;MAISON - FOLLAINVILLE-DENNEMONT 2;maison-plain-pied-la-couture-b-60114296a-2.jpg;116347;https://www.aurea-immobilier.fr/../annonces/transaction_____3/vente.html | https://www.aurea-immobilier.fr/annonces/agent/840371-oriane-cherel.html
https://www.aurea-immobilier.fr/annonces/office5/aureaimmo_140824/catalog/images/pr_p/5/8/3/0/6/3/3/7/58306337a.jpg;Maison - Mantes La Ville - 140m²;aurea-immobilier-aurea-logoe-ok-2.png;116368;https://www.aurea-immobilier.fr/../annonces/transaction_____3/vente.html | https://www.aurea-immobilier.fr/annonces/agent/840371-oriane-cherel.html
https://www.aurea-immobilier.fr/annonces/office5/aureaimmo_140824/catalog/images/pr_p/5/8/3/0/6/3/3/7/58306337b.jpg;Maison - Mantes La Ville - 140m² 2;aurea-immobilier-aurea-logoe-ok-2.png;116368;https://www.aurea-immobilier.fr/../annonces/transaction_____3/vente.html | https://www.aurea-immobilier.fr/annonces/agent/840371-oriane-cherel.html
https://www.aurea-immobilier.fr/annonces/office5/aureaimmo_140824/catalog/images/pr_p/5/8/3/0/6/3/8/4/58306384a.jpg;Maison  - Mantes La Ville - 150m²;aurea-immobilier-aurea-logoe-ok-2.png;116368;https://www.aurea-immobilier.fr/../annonces/transaction_____3/vente.html | https://www.aurea-immobilier.fr/annonces/agent/840371-oriane-cherel.html
https://www.aurea-immobilier.fr/annonces/office5/aureaimmo_140824/catalog/images/pr_p/5/8/3/0/6/3/8/4/58306384b.jpg;Maison  - Mantes La Ville - 150m² 2;aurea-immobilier-aurea-logoe-ok-2.png;116368;https://www.aurea-immobilier.fr/../annonces/transaction_____3/vente.html | https://www.aurea-immobilier.fr/annonces/agent/840371-oriane-cherel.html
https://www.aurea-immobilier.fr/annonces/office5/aureaimmo_140824/catalog/images/pr_p/5/8/3/0/6/4/0/3/58306403a.jpg;Maison - Mantes La Ville - 90m²;aurea-immobilier-aurea-logoe-ok-2.png;116368;https://www.aurea-immobilier.fr/../annonces/transaction_____3/vente.html | https://www.aurea-immobilier.fr/annonces/agent/840371-oriane-cherel.html
https://www.aurea-immobilier.fr/annonces/office5/aureaimmo_140824/catalog/images/pr_p/5/8/3/0/6/4/0/3/58306403b.jpg;Maison - Mantes La Ville - 90m² 2;aurea-immobilier-aurea-logoe-ok-2.png;116368;https://www.aurea-immobilier.fr/../annonces/transaction_____3/vente.html | https://www.aurea-immobilier.fr/annonces/agent/840371-oriane-cherel.html
https://www.aurea-immobilier.fr/annonces/office5/aureaimmo_140824/catalog/images/pr_p/5/8/3/0/5/6/8/0/58305680a.jpg;Maison - Mantes La Ville - 200m2;aurea-immobilier-aurea-logoe-ok-2.png;116368;https://www.aurea-immobilier.fr/../annonces/transaction_____3/vente.html | https://www.aurea-immobilier.fr/annonces/agent/840371-oriane-cherel.html
https://www.aurea-immobilier.fr/annonces/office5/aureaimmo_140824/catalog/images/pr_p/5/8/3/0/5/6/8/0/58305680b.jpg;Maison - Mantes La Ville - 200m2 2;aurea-immobilier-aurea-logoe-ok-2.png;116368;https://www.aurea-immobilier.fr/../annonces/transaction_____3/vente.html | https://www.aurea-immobilier.fr/annonces/agent/840371-oriane-cherel.html
https://www.aurea-immobilier.fr/annonces/office5/aureaimmo_140824/catalog/images/pr_p/5/8/3/0/3/4/3/8/58303438a.jpg;MAISON - MANTES LA VILLE - 141M2;aurea-immobilier-aurea-logoe-ok-2.png;116368;https://www.aurea-immobilier.fr/../annonces/transaction_____3/vente.html | https://www.aurea-immobilier.fr/annonces/agent/840371-oriane-cherel.html
https://www.aurea-immobilier.fr/annonces/office5/aureaimmo_140824/catalog/images/pr_p/5/8/3/0/3/4/3/8/58303438b.jpg;MAISON - MANTES LA VILLE - 141M2 2;aurea-immobilier-aurea-logoe-ok-2.png;116368;https://www.aurea-immobilier.fr/../annonces/transaction_____3/vente.html | https://www.aurea-immobilier.fr/annonces/agent/840371-oriane-cherel.html
https://www.aurea-immobilier.fr/annonces/office5/aureaimmo_140824/catalog/images/pr_p/5/9/1/6/9/5/4/2/59169542a.jpg;Appartement Mantes La Jolie 4 pièce(s);aurea-immobilier-aurea-logoe-ok-2.png;116368;https://www.aurea-immobilier.fr/../annonces/transaction_____2/vente.html | https://www.aurea-immobilier.fr/annonces/agent/839272-justine-vitry.html
https://www.aurea-immobilier.fr/annonces/office5/aureaimmo_140824/catalog/images/pr_p/5/9/1/6/9/5/4/2/59169542b.jpg;Appartement Mantes La Jolie 4 pièce(s) 2;aurea-immobilier-aurea-logoe-ok-2.png;116368;https://www.aurea-immobilier.fr/../annonces/transaction_____2/vente.html | https://www.aurea-immobilier.fr/annonces/agent/839272-justine-vitry.html
https://www.aurea-immobilier.fr/annonces/office5/aureaimmo_140824/catalog/images/pr_p/6/0/8/2/1/8/4/4/60821844a.jpg;Appartement - 1 pièce - EVREUX;aurea-immobilier-aurea-logoe-ok-2.png;116368;https://www.aurea-immobilier.fr/../annonces/transaction_____2/vente.html | https://www.aurea-immobilier.fr/annonces/agent/839273-natacha-laly.html
https://www.aurea-immobilier.fr/annonces/office5/aureaimmo_140824/catalog/images/pr_p/6/0/8/2/1/8/4/4/60821844b.jpg;Appartement - 1 pièce - EVREUX 2;aurea-immobilier-aurea-logoe-ok-2.png;116368;https://www.aurea-immobilier.fr/../annonces/transaction_____2/vente.html | https://www.aurea-immobilier.fr/annonces/agent/839273-natacha-laly.html
https://www.aurea-immobilier.fr/annonces/office5/aureaimmo_140824/catalog/images/members/839273.jpg;Natacha Laly;aurea-immobilier-aurea-logoe-ok-2.png;116368;https://www.aurea-immobilier.fr/../annonces/transaction_____2/vente.html | https://www.aurea-immobilier.fr/../annonces/transaction_____3/vente.html | https://www.aurea-immobilier.fr/annonces/agent/839273-natacha-laly.html
https://www.aurea-immobilier.fr/annonces/office5/aureaimmo_140824/catalog/images/pr_p/5/7/6/9/0/8/8/0/57690880a.jpg;Terrain constructible au Neubourg;aurea-immobilier-aurea-logoe-ok-2.png;116368;https://www.aurea-immobilier.fr/../annonces/transaction_____3/vente.html | https://www.aurea-immobilier.fr/annonces/agent/839273-natacha-laly.html
https://www.aurea-immobilier.fr/annonces/office5/aureaimmo_140824/catalog/images/pr_p/5/7/6/9/0/8/8/0/57690880b.jpg;Terrain constructible au Neubourg 2;aurea-immobilier-aurea-logoe-ok-2.png;116368;https://www.aurea-immobilier.fr/../annonces/transaction_____3/vente.html | https://www.aurea-immobilier.fr/annonces/agent/839273-natacha-laly.html
https://www.aurea-immobilier.fr/annonces/office5/aureaimmo_140824/catalog/images/pr_p/5/9/5/8/4/0/9/9/59584099a.jpg;TERRAIN A BATIR  1300m² HECOURT;maison-plain-pied-la-couture-b-60114296a-2.jpg;116347;https://www.aurea-immobilier.fr/../annonces/transaction_____2/vente.html | https://www.aurea-immobilier.fr/annonces/agent/847433-aimee-vaillant.html
https://www.aurea-immobilier.fr/annonces/office5/aureaimmo_140824/catalog/images/pr_p/6/0/5/5/2/0/2/8/60552028a.jpg;Maison - Mantes la Jolie - 7 Pièces;aurea-immobilier-aurea-logoe-ok-2.png;116368;https://www.aurea-immobilier.fr/../annonces/transaction_____2/vente.html | https://www.aurea-immobilier.fr/annonces/agent/847433-aimee-vaillant.html
https://www.aurea-immobilier.fr/annonces/office5/aureaimmo_140824/catalog/images/pr_p/6/0/5/5/2/0/2/8/60552028b.jpg;Maison - Mantes la Jolie - 7 Pièces 2;aurea-immobilier-aurea-logoe-ok-2.png;116368;https://www.aurea-immobilier.fr/../annonces/transaction_____2/vente.html | https://www.aurea-immobilier.fr/annonces/agent/847433-aimee-vaillant.html
https://www.aurea-immobilier.fr/annonces/office5/aureaimmo_140824/catalog/images/pr_p/6/0/4/8/8/3/9/7/60488397a.jpg;MAISON - MANTES LA JOLIE - 8Pièces;aurea-immobilier-aurea-logoe-ok-2.png;116368;https://www.aurea-immobilier.fr/../annonces/transaction_____2/vente.html | https://www.aurea-immobilier.fr/annonces/agent/839241-evan-fernandes.html
https://www.aurea-immobilier.fr/annonces/office5/aureaimmo_140824/catalog/images/pr_p/6/0/4/8/8/3/9/7/60488397b.jpg;MAISON - MANTES LA JOLIE - 8Pièces 2;aurea-immobilier-aurea-logoe-ok-2.png;116368;https://www.aurea-immobilier.fr/../annonces/transaction_____2/vente.html | https://www.aurea-immobilier.fr/annonces/agent/839241-evan-fernandes.html
https://www.aurea-immobilier.fr/annonces/office5/aureaimmo_140824/catalog/images/pr_p/6/0/3/6/8/0/1/2/60368012a.jpg;APPARTEMENT - MANTES LA JOLIE - 4Pièces;aurea-immobilier-aurea-logoe-ok-2.png;116368;https://www.aurea-immobilier.fr/../annonces/transaction_____2/vente.html | https://www.aurea-immobilier.fr/annonces/agent/839241-evan-fernandes.html
https://www.aurea-immobilier.fr/annonces/office5/aureaimmo_140824/catalog/images/pr_p/6/0/3/6/8/0/1/2/60368012b.jpg;APPARTEMENT - MANTES LA JOLIE - 4Pièces 2;aurea-immobilier-aurea-logoe-ok-2.png;116368;https://www.aurea-immobilier.fr/../annonces/transaction_____2/vente.html | https://www.aurea-immobilier.fr/annonces/agent/839241-evan-fernandes.html
https://www.aurea-immobilier.fr/annonces/office5/aureaimmo_140824/catalog/images/pr_p/6/0/5/7/8/4/6/4/60578464a.jpg;MAISON - BONNIÈRE SUR SEINE - 5Pièces;maison-plain-pied-la-couture-b-60114296a-2.jpg;116347;https://www.aurea-immobilier.fr/../annonces/transaction_____2/vente.html | https://www.aurea-immobilier.fr/annonces/agent/839241-evan-fernandes.html
https://www.aurea-immobilier.fr/annonces/office5/aureaimmo_140824/catalog/images/pr_p/6/0/5/7/8/4/6/4/60578464b.jpg;MAISON - BONNIÈRE SUR SEINE - 5Pièces 2;aurea-immobilier-aurea-logoe-ok-2.png;116368;https://www.aurea-immobilier.fr/../annonces/transaction_____2/vente.html | https://www.aurea-immobilier.fr/annonces/agent/839241-evan-fernandes.html
https://www.aurea-immobilier.fr/annonces/office5/aureaimmo_140824/catalog/images/pr_p/6/0/0/4/6/4/3/9/60046439a.jpg;APPARTEMENT - LIMAY - CENTRE VILLE - 4Pièces;aurea-immobilier-aurea-logoe-ok-2.png;116368;https://www.aurea-immobilier.fr/../annonces/transaction_____2/vente.html | https://www.aurea-immobilier.fr/annonces/agent/839241-evan-fernandes.html
https://www.aurea-immobilier.fr/annonces/office5/aureaimmo_140824/catalog/images/pr_p/6/0/0/4/6/4/3/9/60046439b.jpg;APPARTEMENT - LIMAY - CENTRE VILLE - 4Pièces 2;aurea-immobilier-aurea-logoe-ok-2.png;116368;https://www.aurea-immobilier.fr/../annonces/transaction_____2/vente.html | https://www.aurea-immobilier.fr/annonces/agent/839241-evan-fernandes.html
https://www.aurea-immobilier.fr/annonces/office5/aureaimmo_140824/catalog/images/pr_p/6/0/7/2/3/7/8/5/60723785a.jpg;APPARTEMENT - MANTES LA JOLIE - Centre Ville - 3Pièces;terrain-a-batir-rosny-sur-sein-59202042b.jpg;116374;https://www.aurea-immobilier.fr/../annonces/transaction_____2/vente.html | https://www.aurea-immobilier.fr/annonces/agent/839241-evan-fernandes.html
https://www.aurea-immobilier.fr/annonces/office5/aureaimmo_140824/catalog/images/pr_p/6/0/7/2/3/7/8/5/60723785b.jpg;APPARTEMENT - MANTES LA JOLIE - Centre Ville - 3Pièces 2;aurea-immobilier-aurea-logoe-ok-2.png;116368;https://www.aurea-immobilier.fr/../annonces/transaction_____2/vente.html | https://www.aurea-immobilier.fr/annonces/agent/839241-evan-fernandes.html
https://www.aurea-immobilier.fr/annonces/office5/aureaimmo_140824/catalog/images/pr_p/5/8/3/5/2/1/3/3/58352133a.jpg;MAISON - MANTES LA JOLIE - 5Pièces;aurea-immobilier-aurea-logoe-ok-2.png;116368;https://www.aurea-immobilier.fr/../annonces/transaction_____2/vente.html | https://www.aurea-immobilier.fr/annonces/agent/839241-evan-fernandes.html
https://www.aurea-immobilier.fr/annonces/office5/aureaimmo_140824/catalog/images/pr_p/5/8/3/5/2/1/3/3/58352133b.jpg;MAISON - MANTES LA JOLIE - 5Pièces 2;aurea-immobilier-aurea-logoe-ok-2.png;116368;https://www.aurea-immobilier.fr/../annonces/transaction_____2/vente.html | https://www.aurea-immobilier.fr/annonces/agent/839241-evan-fernandes.html
https://www.aurea-immobilier.fr/annonces/office5/aureaimmo_140824/catalog/images/pr_p/5/8/0/3/2/4/2/7/58032427a.jpg;MAISON CENTRE VILLE - MANTES LA JOLIE - 5Pièces;aurea-immobilier-aurea-logoe-ok-2.png;116368;https://www.aurea-immobilier.fr/../annonces/transaction_____2/vente.html | https://www.aurea-immobilier.fr/annonces/agent/839241-evan-fernandes.html
https://www.aurea-immobilier.fr/annonces/office5/aureaimmo_140824/catalog/images/pr_p/5/8/0/3/2/4/2/7/58032427b.jpg;MAISON CENTRE VILLE - MANTES LA JOLIE - 5Pièces 2;maison-plain-pied-la-couture-b-60114296a-2.jpg;116347;https://www.aurea-immobilier.fr/../annonces/transaction_____2/vente.html | https://www.aurea-immobilier.fr/annonces/agent/839241-evan-fernandes.html
https://www.aurea-immobilier.fr/annonces/office5/aureaimmo_140824/catalog/images/pr_p/5/7/2/0/2/8/4/8/57202848a.jpg;MAISON - MANTES LA JOLIE - 3Pièces;aurea-immobilier-aurea-logoe-ok-2.png;116368;https://www.aurea-immobilier.fr/../annonces/transaction_____2/vente.html | https://www.aurea-immobilier.fr/annonces/agent/839241-evan-fernandes.html
https://www.aurea-immobilier.fr/annonces/office5/aureaimmo_140824/catalog/images/pr_p/5/7/2/0/2/8/4/8/57202848c.jpg;MAISON - MANTES LA JOLIE - 3Pièces 2;aurea-immobilier-aurea-logoe-ok-2.png;116368;https://www.aurea-immobilier.fr/../annonces/transaction_____2/vente.html | https://www.aurea-immobilier.fr/annonces/agent/839241-evan-fernandes.html
https://www.aurea-immobilier.fr/annonces/agent/images/no-picture.svg;Jill Thepaut;maison-plain-pied-la-couture-b-60114296a-3.jpg;176892;https://www.aurea-immobilier.fr/annonces/agent/869668-jill-thepaut.html
https://www.aurea-immobilier.fr/annonces/templates/template_camus/catalog/images/ggmap_flou.jpg;;aurea-immobilier-aurea-logoe-ok-2.png;116368;https://www.aurea-immobilier.fr/annonces/transaction/contact_us.php?form=3
https://www.aurea-immobilier.fr/office5/aureaimmo_140824/catalog/images/pr_p/5/6/3/4/4/0/0/4/56344004a.jpg;MAISON - ROSNY SUR SEINE - 6Pièces;maison-rosny-sur-seine-6pieces-56344004a.jpg;202333;https://www.aurea-immobilier.fr/catalog/annonce.php
https://www.aurea-immobilier.fr/office5/aureaimmo_140824/catalog/images/pr_p/5/6/3/4/4/0/0/4/56344004b.jpg;MAISON - ROSNY SUR SEINE - 6Pièces 2;maison-rosny-sur-seine-6pieces-56344004b.jpg;214149;https://www.aurea-immobilier.fr/catalog/annonce.php
https://www.aurea-immobilier.fr/office5/aureaimmo_140824/catalog/images/pr_p/6/1/4/9/6/5/4/4/61496544a.jpg;ENSEMBLE IMMOBILIER - VIENNES EN ARTHIES - 3MAISONS;ensemble-immobilier-viennes-en-61496544a.jpg;538516;https://www.aurea-immobilier.fr/catalog/annonce.php
https://www.aurea-immobilier.fr/office5/aureaimmo_140824/catalog/images/pr_p/6/1/4/9/6/5/4/4/61496544b.jpg;ENSEMBLE IMMOBILIER - VIENNES EN ARTHIES - 3MAISONS 2;ensemble-immobilier-viennes-en-61496544b.jpg;671288;https://www.aurea-immobilier.fr/catalog/annonce.php
https://www.aurea-immobilier.fr/office5/aureaimmo_140824/catalog/images/pr_p/6/1/1/8/0/4/6/1/61180461a.jpg;MAISON EN PIERRE AVEC DEPENDANCE - VIENNES EN ARTHIES - 8Pièces;maison-en-pierre-avec-dependan-61180461a.jpg;625325;https://www.aurea-immobilier.fr/catalog/annonce.php
https://www.aurea-immobilier.fr/office5/aureaimmo_140824/catalog/images/pr_p/6/1/1/8/0/4/6/1/61180461b.jpg;MAISON EN PIERRE AVEC DEPENDANCE - VIENNES EN ARTHIES - 8Pièces 2;maison-en-pierre-avec-dependan-61180461b.jpg;248619;https://www.aurea-immobilier.fr/catalog/annonce.php
https://www.aurea-immobilier.fr/office5/aureaimmo_140824/catalog/images/pr_p/6/1/4/9/3/0/7/0/61493070a.jpg;MAISON - VIENNES EN ARTHIES - 5Pièces;maison-viennes-en-arthies-5pie-61493070a.jpg;446416;https://www.aurea-immobilier.fr/catalog/annonce.php
https://www.aurea-immobilier.fr/office5/aureaimmo_140824/catalog/images/pr_p/6/1/4/9/3/0/7/0/61493070b.jpg;MAISON - VIENNES EN ARTHIES - 5Pièces 2;maison-viennes-en-arthies-5pie-61493070b.jpg;379552;https://www.aurea-immobilier.fr/catalog/annonce.php
https://www.aurea-immobilier.fr/office5/aureaimmo_140824/catalog/images/pr_p/5/9/1/7/4/3/9/4/59174394a.jpg;APPARTEMENT - CENTRE VILLE - 3Pièces;appartement-centre-ville-3piec-59174394a-2.jpg;275512;https://www.aurea-immobilier.fr/catalog/annonce.php
https://www.aurea-immobilier.fr/office5/aureaimmo_140824/catalog/images/pr_p/5/9/1/7/4/3/9/4/59174394b.jpg;APPARTEMENT - CENTRE VILLE - 3Pièces 2;appartement-centre-ville-3piec-59174394b.jpg;306380;https://www.aurea-immobilier.fr/catalog/annonce.php
https://www.aurea-immobilier.fr/office5/aureaimmo_140824/catalog/images/members/839241.jpg;Evan FERNANDES;evan-fernandes-839241.jpg;34419;https://www.aurea-immobilier.fr/catalog/annonce.php
https://www.aurea-immobilier.fr/office5/aureaimmo_140824/catalog/images/pr_p/6/1/4/5/7/5/2/9/61457529a.jpg;APPARTEMENT - LIMAY - 4Pièces;appartement-limay-4pieces-61457529a.jpg;215086;https://www.aurea-immobilier.fr/catalog/annonce.php
https://www.aurea-immobilier.fr/office5/aureaimmo_140824/catalog/images/pr_p/6/1/4/5/7/5/2/9/61457529b.jpg;APPARTEMENT - LIMAY - 4Pièces 2;appartement-limay-4pieces-2-61457529b.jpg;245561;https://www.aurea-immobilier.fr/catalog/annonce.php
https://www.aurea-immobilier.fr/office5/aureaimmo_140824/catalog/images/pr_p/6/0/7/0/6/4/5/1/60706451a.jpg;Maison à rénover - Mantes-la-Jolie - 5 pièces;maison-a-renover-mantes-la-jol-60706451a.jpg;279003;https://www.aurea-immobilier.fr/catalog/annonce.php
https://www.aurea-immobilier.fr/office5/aureaimmo_140824/catalog/images/pr_p/6/0/7/0/6/4/5/1/60706451c.jpg;Maison à rénover - Mantes-la-Jolie - 5 pièces 2;maison-a-renover-mantes-la-jol-60706451c.jpg;304985;https://www.aurea-immobilier.fr/catalog/annonce.php
https://www.aurea-immobilier.fr/office5/aureaimmo_140824/catalog/images/members/839272.jpg;Justine Vitry;justine-vitry-839272.jpg;65806;https://www.aurea-immobilier.fr/catalog/annonce.php
https://www.aurea-immobilier.fr/office5/aureaimmo_140824/catalog/images/pr_p/6/1/1/8/1/1/1/0/61181110a.jpg;APPARTEMENT T2 - MANTES LA JOLIE;appartement-t2-mantes-la-jolie-61181110a.jpg;147993;https://www.aurea-immobilier.fr/catalog/annonce.php
https://www.aurea-immobilier.fr/office5/aureaimmo_140824/catalog/images/pr_p/6/1/1/8/1/1/1/0/61181110b.jpg;APPARTEMENT T2 - MANTES LA JOLIE 2;appartement-t2-mantes-la-jolie-61181110b.jpg;270272;https://www.aurea-immobilier.fr/catalog/annonce.php
https://www.aurea-immobilier.fr/catalog/images/no-picture.svg;Jill Thepaut;jill-thepaut-no-picture-4.svg;1556;https://www.aurea-immobilier.fr/catalog/annonce.php | https://www.aurea-immobilier.fr/catalog/products_selled.php?page=11 | https://www.aurea-immobilier.fr/catalog/products_selled.php?page=3 | https://www.aurea-immobilier.fr/catalog/products_selled.php?page=5
https://www.aurea-immobilier.fr/office5/aureaimmo_140824/catalog/images/pr_p/6/0/0/3/2/4/4/0/60032440a.jpg;Maison Grisy-les-Platres 8 pièces - 5 chambres 145m2;maison-grisy-les-platres-8-pie-60032440a.jpg;507316;https://www.aurea-immobilier.fr/catalog/annonce.php
https://www.aurea-immobilier.fr/office5/aureaimmo_140824/catalog/images/pr_p/6/0/0/3/2/4/4/0/60032440b.jpg;Maison Grisy-les-Platres 8 pièces - 5 chambres 145m2 2;maison-grisy-les-platres-8-pie-60032440b.jpg;323223;https://www.aurea-immobilier.fr/catalog/annonce.php
https://www.aurea-immobilier.fr/office5/aureaimmo_140824/catalog/images/members/847433.jpg;Aimée VAILLANT;aimee-vaillant-847433.jpg;80932;https://www.aurea-immobilier.fr/catalog/annonce.php
https://www.aurea-immobilier.fr/office5/aureaimmo_140824/catalog/images/pr_p/6/1/1/6/1/0/7/7/61161077a.jpg;Appartement à Mantes-La-Jolie de 3 pièces (49m2);appartement-a-mantes-la-jolie-61161077a.jpg;118446;https://www.aurea-immobilier.fr/catalog/annonce.php
https://www.aurea-immobilier.fr/office5/aureaimmo_140824/catalog/images/pr_p/6/1/1/6/1/0/7/7/61161077b.jpg;Appartement à Mantes-La-Jolie de 3 pièces (49m2) 2;appartement-a-mantes-la-jolie-61161077b.jpg;189479;https://www.aurea-immobilier.fr/catalog/annonce.php
https://www.aurea-immobilier.fr/office5/aureaimmo_140824/catalog/images/pr_p/6/1/1/4/8/7/0/4/61148704a.jpg;APPARTEMENT Dernier étage - PONTOISE - 3Pièces;appartement-dernier-etage-pont-61148704a.jpg;545936;https://www.aurea-immobilier.fr/catalog/annonce.php
https://www.aurea-immobilier.fr/office5/aureaimmo_140824/catalog/images/pr_p/6/1/1/4/8/7/0/4/61148704b.jpg;APPARTEMENT Dernier étage - PONTOISE - 3Pièces  2;appartement-dernier-etage-pont-61148704b.jpg;182375;https://www.aurea-immobilier.fr/catalog/annonce.php
https://www.aurea-immobilier.fr/office5/aureaimmo_140824/catalog/images/pr_p/6/0/2/5/6/7/5/9/60256759a.jpg;MAISON- FAVRIEUX - 11 Pièces  350m²;maison-favrieux-11-pieces-350m-60256759a.jpg;383880;https://www.aurea-immobilier.fr/catalog/annonce.php
https://www.aurea-immobilier.fr/office5/aureaimmo_140824/catalog/images/pr_p/6/0/2/5/6/7/5/9/60256759b.jpg;MAISON- FAVRIEUX - 11 Pièces  350m² 2;maison-favrieux-11-pieces-350m-60256759b.jpg;302617;https://www.aurea-immobilier.fr/catalog/annonce.php
https://www.aurea-immobilier.fr/office5/aureaimmo_140824/catalog/images/pr_p/6/0/9/7/4/1/4/9/60974149a.jpg;MAISON - FOLLAINVILLE DENNEMONT - 6Pièces;maison-follainville-dennemont-60974149a.jpg;552431;https://www.aurea-immobilier.fr/catalog/annonce.php
https://www.aurea-immobilier.fr/office5/aureaimmo_140824/catalog/images/pr_p/6/0/9/7/4/1/4/9/60974149b.jpg;MAISON - FOLLAINVILLE DENNEMONT - 6Pièces 2;maison-follainville-dennemont-60974149b.jpg;229380;https://www.aurea-immobilier.fr/catalog/annonce.php
https://www.aurea-immobilier.fr/office5/aureaimmo_140824/catalog/images/pr_p/6/0/5/1/7/2/4/8/60517248a.jpg;MAISON - MÉRICOURT - 4 PIÈCES;maison-mericourt-4-pieces-2-60299040b.jpg;367880;https://www.aurea-immobilier.fr/catalog/annonce.php
https://www.aurea-immobilier.fr/office5/aureaimmo_140824/catalog/images/pr_p/6/0/5/1/7/2/4/8/60517248b.jpg;MAISON - MÉRICOURT - 4 PIÈCES 2;maison-mericourt-4-pieces-60299040a.jpg;225083;https://www.aurea-immobilier.fr/catalog/annonce.php
https://www.aurea-immobilier.fr/office5/aureaimmo_140824/catalog/images/pr_p/6/0/2/5/7/2/6/9/60257269a.jpg;Appartement Mantes La Jolie 5 pièces de 93,6 m2;appartement-mantes-la-jolie-5-60257269a.jpg;197015;https://www.aurea-immobilier.fr/catalog/annonce.php
https://www.aurea-immobilier.fr/office5/aureaimmo_140824/catalog/images/pr_p/6/0/2/5/7/2/6/9/60257269b.jpg;Appartement Mantes La Jolie 5 pièces de 93,6 m2 2;appartement-mantes-la-jolie-5-60257269b.jpg;225783;https://www.aurea-immobilier.fr/catalog/annonce.php
https://www.aurea-immobilier.fr/office5/aureaimmo_140824/catalog/images/pr_p/5/9/4/9/7/6/1/9/59497619a.jpg;APPARTEMENT DUPLEX  - MANTES LA VILLE - Centre Ville - 6Pièces;appartement-duplex-mantes-la-v-59497619a.jpg;201107;https://www.aurea-immobilier.fr/catalog/annonce.php
https://www.aurea-immobilier.fr/office5/aureaimmo_140824/catalog/images/pr_p/5/9/4/9/7/6/1/9/59497619b.jpg;APPARTEMENT DUPLEX  - MANTES LA VILLE - Centre Ville - 6Pièces 2;appartement-duplex-mantes-la-v-59497619b.jpg;163208;https://www.aurea-immobilier.fr/catalog/annonce.php
https://v2.immo-facile.com/office5/aureaimmo_140824/catalog/images/perso/Gestion2_locative.jpg;;gestion2_locative.jpg;264580;https://www.aurea-immobilier.fr/catalog/contact_us.php?form=3
https://v2.immo-facile.com/office5/aureaimmo_140824/catalog/images/perso/Marion-NICAISE.png;;marion-nicaise.png;328995;https://www.aurea-immobilier.fr/catalog/contact_us.php?form=3
https://www.aurea-immobilier.fr/fiches/office5/aureaimmo_140824/catalog/images/pr_p/6/0/1/6/0/7/2/3/60160723a.jpg;Appartement Mantes La Jolie 3 pièce(s) 57.92 m2 1/9;maison-plain-pied-la-couture-b-60114296a-3.jpg;176892;https://www.aurea-immobilier.fr/fiches/_60160723/appartement-mantes-la-jolie-3-piece-s-57-92-m2.html
https://www.aurea-immobilier.fr/fiches/office5/aureaimmo_140824/catalog/images/pr_p/6/0/1/6/0/7/2/3/60160723b.jpg;Appartement Mantes La Jolie 3 pièce(s) 57.92 m2 2/9;maison-plain-pied-la-couture-b-60114296a-3.jpg;176892;https://www.aurea-immobilier.fr/fiches/_60160723/appartement-mantes-la-jolie-3-piece-s-57-92-m2.html
https://www.aurea-immobilier.fr/fiches/office5/aureaimmo_140824/catalog/images/pr_p/6/0/1/6/0/7/2/3/60160723c.jpg;Appartement Mantes La Jolie 3 pièce(s) 57.92 m2 3/9;maison-plain-pied-la-couture-b-60114296a-3.jpg;176892;https://www.aurea-immobilier.fr/fiches/_60160723/appartement-mantes-la-jolie-3-piece-s-57-92-m2.html
https://www.aurea-immobilier.fr/fiches/office5/aureaimmo_140824/catalog/images/pr_p/6/0/1/6/0/7/2/3/60160723d.jpg;Appartement Mantes La Jolie 3 pièce(s) 57.92 m2 4/9;maison-plain-pied-la-couture-b-60114296a-3.jpg;176892;https://www.aurea-immobilier.fr/fiches/_60160723/appartement-mantes-la-jolie-3-piece-s-57-92-m2.html
https://www.aurea-immobilier.fr/fiches/office5/aureaimmo_140824/catalog/images/pr_p/6/0/1/6/0/7/2/3/60160723e.jpg;Appartement Mantes La Jolie 3 pièce(s) 57.92 m2 5/9;maison-plain-pied-la-couture-b-60114296a-3.jpg;176892;https://www.aurea-immobilier.fr/fiches/_60160723/appartement-mantes-la-jolie-3-piece-s-57-92-m2.html
https://www.aurea-immobilier.fr/fiches/office5/aureaimmo_140824/catalog/images/pr_p/6/0/1/6/0/7/2/3/60160723f.jpg;Appartement Mantes La Jolie 3 pièce(s) 57.92 m2 6/9;maison-plain-pied-la-couture-b-60114296a-3.jpg;176892;https://www.aurea-immobilier.fr/fiches/_60160723/appartement-mantes-la-jolie-3-piece-s-57-92-m2.html
https://www.aurea-immobilier.fr/fiches/office5/aureaimmo_140824/catalog/images/pr_p/6/0/1/6/0/7/2/3/60160723g.jpg;Appartement Mantes La Jolie 3 pièce(s) 57.92 m2 7/9;maison-plain-pied-la-couture-b-60114296a-3.jpg;176892;https://www.aurea-immobilier.fr/fiches/_60160723/appartement-mantes-la-jolie-3-piece-s-57-92-m2.html
https://www.aurea-immobilier.fr/fiches/office5/aureaimmo_140824/catalog/images/pr_p/6/0/1/6/0/7/2/3/60160723h.jpg;Appartement Mantes La Jolie 3 pièce(s) 57.92 m2 8/9;maison-plain-pied-la-couture-b-60114296a-3.jpg;176892;https://www.aurea-immobilier.fr/fiches/_60160723/appartement-mantes-la-jolie-3-piece-s-57-92-m2.html
https://www.aurea-immobilier.fr/fiches/office5/aureaimmo_140824/catalog/images/pr_p/6/0/1/6/0/7/2/3/60160723i.jpg;Appartement Mantes La Jolie 3 pièce(s) 57.92 m2 9/9;maison-plain-pied-la-couture-b-60114296a-3.jpg;176892;https://www.aurea-immobilier.fr/fiches/_60160723/appartement-mantes-la-jolie-3-piece-s-57-92-m2.html
https://www.aurea-immobilier.fr/fiches/office5_front/aureaimmo_140824/cache/dpe_ges/dpe_b00da9f7c7e751153139201c9df6f304.svg;Consommation énergetique;maison-plain-pied-la-couture-b-60114296a-3.jpg;176892;https://www.aurea-immobilier.fr/fiches/_60160723/appartement-mantes-la-jolie-3-piece-s-57-92-m2.html
https://www.aurea-immobilier.fr/fiches/office5_front/aureaimmo_140824/cache/dpe_ges/ges_b00da9f7c7e751153139201c9df6f304.svg;Faible émission de GES;maison-plain-pied-la-couture-b-60114296a-3.jpg;176892;https://www.aurea-immobilier.fr/fiches/_60160723/appartement-mantes-la-jolie-3-piece-s-57-92-m2.html
https://www.aurea-immobilier.fr/fiches/office5/aureaimmo_140824/catalog/images/pr_p/6/0/9/0/6/4/6/0/60906460a.jpg;APPARTEMENT - MANTES LA JOLIE - GARE - 2Pièces 1/6;maison-plain-pied-la-couture-b-60114296a-3.jpg;176892;https://www.aurea-immobilier.fr/fiches/_60906460/appartement-mantes-la-jolie-gare-2pieces.html
https://www.aurea-immobilier.fr/fiches/office5/aureaimmo_140824/catalog/images/pr_p/6/0/9/0/6/4/6/0/60906460b.jpg;APPARTEMENT - MANTES LA JOLIE - GARE - 2Pièces 2/6;maison-plain-pied-la-couture-b-60114296a-3.jpg;176892;https://www.aurea-immobilier.fr/fiches/_60906460/appartement-mantes-la-jolie-gare-2pieces.html
https://www.aurea-immobilier.fr/fiches/office5/aureaimmo_140824/catalog/images/pr_p/6/0/9/0/6/4/6/0/60906460c.jpg;APPARTEMENT - MANTES LA JOLIE - GARE - 2Pièces 3/6;maison-plain-pied-la-couture-b-60114296a-3.jpg;176892;https://www.aurea-immobilier.fr/fiches/_60906460/appartement-mantes-la-jolie-gare-2pieces.html
https://www.aurea-immobilier.fr/fiches/office5/aureaimmo_140824/catalog/images/pr_p/6/0/9/0/6/4/6/0/60906460d.jpg;APPARTEMENT - MANTES LA JOLIE - GARE - 2Pièces 4/6;maison-plain-pied-la-couture-b-60114296a-3.jpg;176892;https://www.aurea-immobilier.fr/fiches/_60906460/appartement-mantes-la-jolie-gare-2pieces.html
https://www.aurea-immobilier.fr/fiches/office5/aureaimmo_140824/catalog/images/pr_p/6/0/9/0/6/4/6/0/60906460e.jpg;APPARTEMENT - MANTES LA JOLIE - GARE - 2Pièces 5/6;maison-plain-pied-la-couture-b-60114296a-3.jpg;176892;https://www.aurea-immobilier.fr/fiches/_60906460/appartement-mantes-la-jolie-gare-2pieces.html
https://www.aurea-immobilier.fr/fiches/office5/aureaimmo_140824/catalog/images/pr_p/6/0/9/0/6/4/6/0/60906460f.jpg;APPARTEMENT - MANTES LA JOLIE - GARE - 2Pièces 6/6;maison-plain-pied-la-couture-b-60114296a-3.jpg;176892;https://www.aurea-immobilier.fr/fiches/_60906460/appartement-mantes-la-jolie-gare-2pieces.html
https://www.aurea-immobilier.fr/fiches/office5_front/aureaimmo_140824/cache/dpe_ges/dpe_e81cd826a5f212afeebe54d4100c0d01.svg;Consommation énergetique;maison-plain-pied-la-couture-b-60114296a-3.jpg;176892;https://www.aurea-immobilier.fr/fiches/_60906460/appartement-mantes-la-jolie-gare-2pieces.html
https://www.aurea-immobilier.fr/fiches/office5_front/aureaimmo_140824/cache/dpe_ges/ges_e81cd826a5f212afeebe54d4100c0d01.svg;Faible émission de GES;maison-plain-pied-la-couture-b-60114296a-3.jpg;176892;https://www.aurea-immobilier.fr/fiches/_60906460/appartement-mantes-la-jolie-gare-2pieces.html
https://www.aurea-immobilier.fr/fiches/office5/aureaimmo_140824/catalog/images/pr_p/6/0/8/2/8/2/7/6/60828276a.jpg;APPARTEMENT - MANTES LA JOLIE - BORDS DE SEINE - 3Pièces 1/7;maison-plain-pied-la-couture-b-60114296a-3.jpg;176892;https://www.aurea-immobilier.fr/fiches/_60828276/appartement-mantes-la-jolie-bords-de-seine-3pieces.html
https://www.aurea-immobilier.fr/fiches/office5/aureaimmo_140824/catalog/images/pr_p/6/0/8/2/8/2/7/6/60828276b.jpg;APPARTEMENT - MANTES LA JOLIE - BORDS DE SEINE - 3Pièces 2/7;maison-plain-pied-la-couture-b-60114296a-3.jpg;176892;https://www.aurea-immobilier.fr/fiches/_60828276/appartement-mantes-la-jolie-bords-de-seine-3pieces.html
https://www.aurea-immobilier.fr/fiches/office5/aureaimmo_140824/catalog/images/pr_p/6/0/8/2/8/2/7/6/60828276c.jpg;APPARTEMENT - MANTES LA JOLIE - BORDS DE SEINE - 3Pièces 3/7;maison-plain-pied-la-couture-b-60114296a-3.jpg;176892;https://www.aurea-immobilier.fr/fiches/_60828276/appartement-mantes-la-jolie-bords-de-seine-3pieces.html
https://www.aurea-immobilier.fr/fiches/office5/aureaimmo_140824/catalog/images/pr_p/6/0/8/2/8/2/7/6/60828276d.jpg;APPARTEMENT - MANTES LA JOLIE - BORDS DE SEINE - 3Pièces 4/7;maison-plain-pied-la-couture-b-60114296a-3.jpg;176892;https://www.aurea-immobilier.fr/fiches/_60828276/appartement-mantes-la-jolie-bords-de-seine-3pieces.html
https://www.aurea-immobilier.fr/fiches/office5/aureaimmo_140824/catalog/images/pr_p/6/0/8/2/8/2/7/6/60828276e.jpg;APPARTEMENT - MANTES LA JOLIE - BORDS DE SEINE - 3Pièces 5/7;maison-plain-pied-la-couture-b-60114296a-3.jpg;176892;https://www.aurea-immobilier.fr/fiches/_60828276/appartement-mantes-la-jolie-bords-de-seine-3pieces.html
https://www.aurea-immobilier.fr/fiches/office5/aureaimmo_140824/catalog/images/pr_p/6/0/8/2/8/2/7/6/60828276f.jpg;APPARTEMENT - MANTES LA JOLIE - BORDS DE SEINE - 3Pièces 6/7;maison-plain-pied-la-couture-b-60114296a-3.jpg;176892;https://www.aurea-immobilier.fr/fiches/_60828276/appartement-mantes-la-jolie-bords-de-seine-3pieces.html
https://www.aurea-immobilier.fr/fiches/office5/aureaimmo_140824/catalog/images/pr_p/6/0/8/2/8/2/7/6/60828276g.jpg;APPARTEMENT - MANTES LA JOLIE - BORDS DE SEINE - 3Pièces 7/7;maison-plain-pied-la-couture-b-60114296a-3.jpg;176892;https://www.aurea-immobilier.fr/fiches/_60828276/appartement-mantes-la-jolie-bords-de-seine-3pieces.html
https://www.aurea-immobilier.fr/fiches/office5_front/aureaimmo_140824/cache/dpe_ges/dpe_088a17cbea8d6fd94c4d92526a83e9b1.svg;Consommation énergetique;maison-plain-pied-la-couture-b-60114296a-3.jpg;176892;https://www.aurea-immobilier.fr/fiches/_60828276/appartement-mantes-la-jolie-bords-de-seine-3pieces.html
https://www.aurea-immobilier.fr/fiches/office5_front/aureaimmo_140824/cache/dpe_ges/ges_088a17cbea8d6fd94c4d92526a83e9b1.svg;Faible émission de GES;maison-plain-pied-la-couture-b-60114296a-3.jpg;176892;https://www.aurea-immobilier.fr/fiches/_60828276/appartement-mantes-la-jolie-bords-de-seine-3pieces.html
https://www.aurea-immobilier.fr/fiches/office5/aureaimmo_140824/catalog/images/pr_p/5/8/8/6/4/2/0/9/58864209a.jpg;MAISON - VERNEUIL SUR SEINE - 5 pIèces 1/12;maison-plain-pied-la-couture-b-60114296a-3.jpg;176892;https://www.aurea-immobilier.fr/fiches/_58864209/maison-verneuil-sur-seine-5-pieces.html
https://www.aurea-immobilier.fr/fiches/office5/aureaimmo_140824/catalog/images/pr_p/5/8/8/6/4/2/0/9/58864209b.jpg;MAISON - VERNEUIL SUR SEINE - 5 pIèces 2/12;maison-plain-pied-la-couture-b-60114296a-3.jpg;176892;https://www.aurea-immobilier.fr/fiches/_58864209/maison-verneuil-sur-seine-5-pieces.html
https://www.aurea-immobilier.fr/fiches/office5/aureaimmo_140824/catalog/images/pr_p/5/8/8/6/4/2/0/9/58864209c.jpg;MAISON - VERNEUIL SUR SEINE - 5 pIèces 3/12;maison-plain-pied-la-couture-b-60114296a-3.jpg;176892;https://www.aurea-immobilier.fr/fiches/_58864209/maison-verneuil-sur-seine-5-pieces.html
https://www.aurea-immobilier.fr/fiches/office5/aureaimmo_140824/catalog/images/pr_p/5/8/8/6/4/2/0/9/58864209d.jpg;MAISON - VERNEUIL SUR SEINE - 5 pIèces 4/12;maison-plain-pied-la-couture-b-60114296a-3.jpg;176892;https://www.aurea-immobilier.fr/fiches/_58864209/maison-verneuil-sur-seine-5-pieces.html
https://www.aurea-immobilier.fr/fiches/office5/aureaimmo_140824/catalog/images/pr_p/5/8/8/6/4/2/0/9/58864209e.jpg;MAISON - VERNEUIL SUR SEINE - 5 pIèces 5/12;maison-plain-pied-la-couture-b-60114296a-3.jpg;176892;https://www.aurea-immobilier.fr/fiches/_58864209/maison-verneuil-sur-seine-5-pieces.html
https://www.aurea-immobilier.fr/fiches/office5/aureaimmo_140824/catalog/images/pr_p/5/8/8/6/4/2/0/9/58864209f.jpg;MAISON - VERNEUIL SUR SEINE - 5 pIèces 6/12;maison-plain-pied-la-couture-b-60114296a-3.jpg;176892;https://www.aurea-immobilier.fr/fiches/_58864209/maison-verneuil-sur-seine-5-pieces.html
https://www.aurea-immobilier.fr/fiches/office5/aureaimmo_140824/catalog/images/pr_p/5/8/8/6/4/2/0/9/58864209g.jpg;MAISON - VERNEUIL SUR SEINE - 5 pIèces 7/12;maison-plain-pied-la-couture-b-60114296a-3.jpg;176892;https://www.aurea-immobilier.fr/fiches/_58864209/maison-verneuil-sur-seine-5-pieces.html
https://www.aurea-immobilier.fr/fiches/office5/aureaimmo_140824/catalog/images/pr_p/5/8/8/6/4/2/0/9/58864209h.jpg;MAISON - VERNEUIL SUR SEINE - 5 pIèces 8/12;maison-plain-pied-la-couture-b-60114296a-3.jpg;176892;https://www.aurea-immobilier.fr/fiches/_58864209/maison-verneuil-sur-seine-5-pieces.html
https://www.aurea-immobilier.fr/fiches/office5/aureaimmo_140824/catalog/images/pr_p/5/8/8/6/4/2/0/9/58864209i.jpg;MAISON - VERNEUIL SUR SEINE - 5 pIèces 9/12;maison-plain-pied-la-couture-b-60114296a-3.jpg;176892;https://www.aurea-immobilier.fr/fiches/_58864209/maison-verneuil-sur-seine-5-pieces.html
https://www.aurea-immobilier.fr/fiches/office5/aureaimmo_140824/catalog/images/pr_p/5/8/8/6/4/2/0/9/58864209j.jpg;MAISON - VERNEUIL SUR SEINE - 5 pIèces 10/12;maison-plain-pied-la-couture-b-60114296a-3.jpg;176892;https://www.aurea-immobilier.fr/fiches/_58864209/maison-verneuil-sur-seine-5-pieces.html
https://www.aurea-immobilier.fr/fiches/office5/aureaimmo_140824/catalog/images/pr_p/5/8/8/6/4/2/0/9/58864209k.jpg;MAISON - VERNEUIL SUR SEINE - 5 pIèces 11/12;maison-plain-pied-la-couture-b-60114296a-3.jpg;176892;https://www.aurea-immobilier.fr/fiches/_58864209/maison-verneuil-sur-seine-5-pieces.html
https://www.aurea-immobilier.fr/fiches/office5/aureaimmo_140824/catalog/images/pr_p/5/8/8/6/4/2/0/9/58864209l.jpg;MAISON - VERNEUIL SUR SEINE - 5 pIèces 12/12;maison-plain-pied-la-couture-b-60114296a-3.jpg;176892;https://www.aurea-immobilier.fr/fiches/_58864209/maison-verneuil-sur-seine-5-pieces.html
https://www.aurea-immobilier.fr/fiches/office5_front/aureaimmo_140824/cache/dpe_ges/dpe_59d7881acb95ab652b280315c30c72f2.svg;Consommation énergetique;maison-plain-pied-la-couture-b-60114296a-3.jpg;176892;https://www.aurea-immobilier.fr/fiches/_58864209/maison-verneuil-sur-seine-5-pieces.html
https://www.aurea-immobilier.fr/fiches/office5_front/aureaimmo_140824/cache/dpe_ges/ges_59d7881acb95ab652b280315c30c72f2.svg;Faible émission de GES;maison-plain-pied-la-couture-b-60114296a-3.jpg;176892;https://www.aurea-immobilier.fr/fiches/_58864209/maison-verneuil-sur-seine-5-pieces.html
https://www.aurea-immobilier.fr/fiches/office5/aureaimmo_140824/catalog/images/pr_p/6/1/5/0/7/4/9/7/61507497a.jpg;Appartement  1 pièce(s) 1/6;maison-plain-pied-la-couture-b-60114296a-3.jpg;176892;https://www.aurea-immobilier.fr/fiches/_61507497/appartement-1-piece-s.html
https://www.aurea-immobilier.fr/fiches/office5/aureaimmo_140824/catalog/images/pr_p/6/1/5/0/7/4/9/7/61507497b.jpg;Appartement  1 pièce(s) 2/6;maison-plain-pied-la-couture-b-60114296a-3.jpg;176892;https://www.aurea-immobilier.fr/fiches/_61507497/appartement-1-piece-s.html
https://www.aurea-immobilier.fr/fiches/office5/aureaimmo_140824/catalog/images/pr_p/6/1/5/0/7/4/9/7/61507497c.jpg;Appartement  1 pièce(s) 3/6;maison-plain-pied-la-couture-b-60114296a-3.jpg;176892;https://www.aurea-immobilier.fr/fiches/_61507497/appartement-1-piece-s.html
https://www.aurea-immobilier.fr/fiches/office5/aureaimmo_140824/catalog/images/pr_p/6/1/5/0/7/4/9/7/61507497d.jpg;Appartement  1 pièce(s) 4/6;maison-plain-pied-la-couture-b-60114296a-3.jpg;176892;https://www.aurea-immobilier.fr/fiches/_61507497/appartement-1-piece-s.html
https://www.aurea-immobilier.fr/fiches/office5/aureaimmo_140824/catalog/images/pr_p/6/1/5/0/7/4/9/7/61507497e.jpg;Appartement  1 pièce(s) 5/6;maison-plain-pied-la-couture-b-60114296a-3.jpg;176892;https://www.aurea-immobilier.fr/fiches/_61507497/appartement-1-piece-s.html
https://www.aurea-immobilier.fr/fiches/office5/aureaimmo_140824/catalog/images/pr_p/6/1/5/0/7/4/9/7/61507497f.jpg;Appartement  1 pièce(s) 6/6;maison-plain-pied-la-couture-b-60114296a-3.jpg;176892;https://www.aurea-immobilier.fr/fiches/_61507497/appartement-1-piece-s.html
https://www.aurea-immobilier.fr/fiches/office5_front/aureaimmo_140824/cache/dpe_ges/dpe_c0faa23aea84461046fadd7d26b3461f.svg;Consommation énergetique;maison-plain-pied-la-couture-b-60114296a-3.jpg;176892;https://www.aurea-immobilier.fr/fiches/_61507497/appartement-1-piece-s.html
https://www.aurea-immobilier.fr/fiches/office5_front/aureaimmo_140824/cache/dpe_ges/ges_c0faa23aea84461046fadd7d26b3461f.svg;Faible émission de GES;maison-plain-pied-la-couture-b-60114296a-3.jpg;176892;https://www.aurea-immobilier.fr/fiches/_61507497/appartement-1-piece-s.html
https://www.aurea-immobilier.fr/fiches/office5/aureaimmo_140824/catalog/images/pr_p/5/9/0/8/3/3/7/7/59083377a.jpg;Studio refait à neuf de 16,41m2 à Evreux 1/4;maison-plain-pied-la-couture-b-60114296a-3.jpg;176892;https://www.aurea-immobilier.fr/fiches/_59083377/studio-refait-a-neuf-de-16-41m2-a-evreux.html
https://www.aurea-immobilier.fr/fiches/office5/aureaimmo_140824/catalog/images/pr_p/5/9/0/8/3/3/7/7/59083377b.jpg;Studio refait à neuf de 16,41m2 à Evreux 2/4;maison-plain-pied-la-couture-b-60114296a-3.jpg;176892;https://www.aurea-immobilier.fr/fiches/_59083377/studio-refait-a-neuf-de-16-41m2-a-evreux.html
https://www.aurea-immobilier.fr/fiches/office5/aureaimmo_140824/catalog/images/pr_p/5/9/0/8/3/3/7/7/59083377c.jpg;Studio refait à neuf de 16,41m2 à Evreux 3/4;maison-plain-pied-la-couture-b-60114296a-3.jpg;176892;https://www.aurea-immobilier.fr/fiches/_59083377/studio-refait-a-neuf-de-16-41m2-a-evreux.html
https://www.aurea-immobilier.fr/fiches/office5/aureaimmo_140824/catalog/images/pr_p/5/9/0/8/3/3/7/7/59083377d.jpg;Studio refait à neuf de 16,41m2 à Evreux 4/4;maison-plain-pied-la-couture-b-60114296a-3.jpg;176892;https://www.aurea-immobilier.fr/fiches/_59083377/studio-refait-a-neuf-de-16-41m2-a-evreux.html
https://www.aurea-immobilier.fr/fiches/office5_front/aureaimmo_140824/cache/dpe_ges/dpe_c235d87b2565871349724e860aec008f.svg;Consommation énergetique;maison-plain-pied-la-couture-b-60114296a-3.jpg;176892;https://www.aurea-immobilier.fr/fiches/_59083377/studio-refait-a-neuf-de-16-41m2-a-evreux.html
https://www.aurea-immobilier.fr/fiches/office5_front/aureaimmo_140824/cache/dpe_ges/ges_c235d87b2565871349724e860aec008f.svg;Faible émission de GES;maison-plain-pied-la-couture-b-60114296a-3.jpg;176892;https://www.aurea-immobilier.fr/fiches/_59083377/studio-refait-a-neuf-de-16-41m2-a-evreux.html
https://www.aurea-immobilier.fr/fiches/office5/aureaimmo_140824/catalog/images/pr_p/6/1/1/9/0/3/2/8/61190328a.jpg;Appartement  2 pièces 47.54 m2 à JUZIERS 1/8;maison-plain-pied-la-couture-b-60114296a-3.jpg;176892;https://www.aurea-immobilier.fr/fiches/_61190328/appartement-2-pieces-47-54-m2-a-juziers.html
https://www.aurea-immobilier.fr/fiches/office5/aureaimmo_140824/catalog/images/pr_p/6/1/1/9/0/3/2/8/61190328b.jpg;Appartement  2 pièces 47.54 m2 à JUZIERS 2/8;maison-plain-pied-la-couture-b-60114296a-3.jpg;176892;https://www.aurea-immobilier.fr/fiches/_61190328/appartement-2-pieces-47-54-m2-a-juziers.html
https://www.aurea-immobilier.fr/fiches/office5/aureaimmo_140824/catalog/images/pr_p/6/1/1/9/0/3/2/8/61190328c.jpg;Appartement  2 pièces 47.54 m2 à JUZIERS 3/8;maison-plain-pied-la-couture-b-60114296a-3.jpg;176892;https://www.aurea-immobilier.fr/fiches/_61190328/appartement-2-pieces-47-54-m2-a-juziers.html
https://www.aurea-immobilier.fr/fiches/office5/aureaimmo_140824/catalog/images/pr_p/6/1/1/9/0/3/2/8/61190328d.jpg;Appartement  2 pièces 47.54 m2 à JUZIERS 4/8;maison-plain-pied-la-couture-b-60114296a-3.jpg;176892;https://www.aurea-immobilier.fr/fiches/_61190328/appartement-2-pieces-47-54-m2-a-juziers.html
https://www.aurea-immobilier.fr/fiches/office5/aureaimmo_140824/catalog/images/pr_p/6/1/1/9/0/3/2/8/61190328e.jpg;Appartement  2 pièces 47.54 m2 à JUZIERS 5/8;maison-plain-pied-la-couture-b-60114296a-3.jpg;176892;https://www.aurea-immobilier.fr/fiches/_61190328/appartement-2-pieces-47-54-m2-a-juziers.html
https://www.aurea-immobilier.fr/fiches/office5/aureaimmo_140824/catalog/images/pr_p/6/1/1/9/0/3/2/8/61190328f.jpg;Appartement  2 pièces 47.54 m2 à JUZIERS 6/8;maison-plain-pied-la-couture-b-60114296a-3.jpg;176892;https://www.aurea-immobilier.fr/fiches/_61190328/appartement-2-pieces-47-54-m2-a-juziers.html
https://www.aurea-immobilier.fr/fiches/office5/aureaimmo_140824/catalog/images/pr_p/6/1/1/9/0/3/2/8/61190328g.jpg;Appartement  2 pièces 47.54 m2 à JUZIERS 7/8;maison-plain-pied-la-couture-b-60114296a-3.jpg;176892;https://www.aurea-immobilier.fr/fiches/_61190328/appartement-2-pieces-47-54-m2-a-juziers.html
https://www.aurea-immobilier.fr/fiches/office5/aureaimmo_140824/catalog/images/pr_p/6/1/1/9/0/3/2/8/61190328h.jpg;Appartement  2 pièces 47.54 m2 à JUZIERS 8/8;maison-plain-pied-la-couture-b-60114296a-3.jpg;176892;https://www.aurea-immobilier.fr/fiches/_61190328/appartement-2-pieces-47-54-m2-a-juziers.html
https://www.aurea-immobilier.fr/fiches/office5_front/aureaimmo_140824/cache/dpe_ges/dpe_10acbf01dcb4449ada2d7abe39141ac1.svg;Consommation énergetique;maison-plain-pied-la-couture-b-60114296a-3.jpg;176892;https://www.aurea-immobilier.fr/fiches/_61190328/appartement-2-pieces-47-54-m2-a-juziers.html
https://www.aurea-immobilier.fr/fiches/office5_front/aureaimmo_140824/cache/dpe_ges/ges_10acbf01dcb4449ada2d7abe39141ac1.svg;Faible émission de GES;maison-plain-pied-la-couture-b-60114296a-3.jpg;176892;https://www.aurea-immobilier.fr/fiches/_61190328/appartement-2-pieces-47-54-m2-a-juziers.html
https://www.aurea-immobilier.fr/fiches/office5/aureaimmo_140824/catalog/images/pr_p/6/0/6/5/5/5/2/7/60655527a.jpg;Immeuble de rapport sur Mantes-la-Jolie 1/10;maison-plain-pied-la-couture-b-60114296a-3.jpg;176892;https://www.aurea-immobilier.fr/fiches/_60655527/immeuble-de-rapport-sur-mantes-la-jolie.html
https://www.aurea-immobilier.fr/fiches/office5/aureaimmo_140824/catalog/images/pr_p/6/0/6/5/5/5/2/7/60655527b.jpg;Immeuble de rapport sur Mantes-la-Jolie 2/10;maison-plain-pied-la-couture-b-60114296a-3.jpg;176892;https://www.aurea-immobilier.fr/fiches/_60655527/immeuble-de-rapport-sur-mantes-la-jolie.html
https://www.aurea-immobilier.fr/fiches/office5/aureaimmo_140824/catalog/images/pr_p/6/0/6/5/5/5/2/7/60655527c.jpg;Immeuble de rapport sur Mantes-la-Jolie 3/10;maison-plain-pied-la-couture-b-60114296a-3.jpg;176892;https://www.aurea-immobilier.fr/fiches/_60655527/immeuble-de-rapport-sur-mantes-la-jolie.html
https://www.aurea-immobilier.fr/fiches/office5/aureaimmo_140824/catalog/images/pr_p/6/0/6/5/5/5/2/7/60655527d.jpg;Immeuble de rapport sur Mantes-la-Jolie 4/10;maison-plain-pied-la-couture-b-60114296a-3.jpg;176892;https://www.aurea-immobilier.fr/fiches/_60655527/immeuble-de-rapport-sur-mantes-la-jolie.html
https://www.aurea-immobilier.fr/fiches/office5/aureaimmo_140824/catalog/images/pr_p/6/0/6/5/5/5/2/7/60655527e.jpg;Immeuble de rapport sur Mantes-la-Jolie 5/10;maison-plain-pied-la-couture-b-60114296a-3.jpg;176892;https://www.aurea-immobilier.fr/fiches/_60655527/immeuble-de-rapport-sur-mantes-la-jolie.html
https://www.aurea-immobilier.fr/fiches/office5/aureaimmo_140824/catalog/images/pr_p/6/0/6/5/5/5/2/7/60655527f.jpg;Immeuble de rapport sur Mantes-la-Jolie 6/10;maison-plain-pied-la-couture-b-60114296a-3.jpg;176892;https://www.aurea-immobilier.fr/fiches/_60655527/immeuble-de-rapport-sur-mantes-la-jolie.html
https://www.aurea-immobilier.fr/fiches/office5/aureaimmo_140824/catalog/images/pr_p/6/0/6/5/5/5/2/7/60655527g.jpg;Immeuble de rapport sur Mantes-la-Jolie 7/10;maison-plain-pied-la-couture-b-60114296a-3.jpg;176892;https://www.aurea-immobilier.fr/fiches/_60655527/immeuble-de-rapport-sur-mantes-la-jolie.html
https://www.aurea-immobilier.fr/fiches/office5/aureaimmo_140824/catalog/images/pr_p/6/0/6/5/5/5/2/7/60655527h.jpg;Immeuble de rapport sur Mantes-la-Jolie 8/10;maison-plain-pied-la-couture-b-60114296a-3.jpg;176892;https://www.aurea-immobilier.fr/fiches/_60655527/immeuble-de-rapport-sur-mantes-la-jolie.html
https://www.aurea-immobilier.fr/fiches/office5/aureaimmo_140824/catalog/images/pr_p/6/0/6/5/5/5/2/7/60655527i.jpg;Immeuble de rapport sur Mantes-la-Jolie 9/10;maison-plain-pied-la-couture-b-60114296a-3.jpg;176892;https://www.aurea-immobilier.fr/fiches/_60655527/immeuble-de-rapport-sur-mantes-la-jolie.html
https://www.aurea-immobilier.fr/fiches/office5/aureaimmo_140824/catalog/images/pr_p/6/0/6/5/5/5/2/7/60655527j.jpg;Immeuble de rapport sur Mantes-la-Jolie 10/10;maison-plain-pied-la-couture-b-60114296a-3.jpg;176892;https://www.aurea-immobilier.fr/fiches/_60655527/immeuble-de-rapport-sur-mantes-la-jolie.html
https://www.aurea-immobilier.fr/fiches/office5_front/aureaimmo_140824/cache/dpe_ges/dpe_13616b706f87e515ed8b44116e89d132.svg;Consommation énergetique;maison-plain-pied-la-couture-b-60114296a-3.jpg;176892;https://www.aurea-immobilier.fr/fiches/_60655527/immeuble-de-rapport-sur-mantes-la-jolie.html
https://www.aurea-immobilier.fr/fiches/office5_front/aureaimmo_140824/cache/dpe_ges/ges_13616b706f87e515ed8b44116e89d132.svg;Faible émission de GES;maison-plain-pied-la-couture-b-60114296a-3.jpg;176892;https://www.aurea-immobilier.fr/fiches/_60655527/immeuble-de-rapport-sur-mantes-la-jolie.html
https://www.aurea-immobilier.fr/fiches/office5/aureaimmo_140824/catalog/images/pr_p/5/8/6/3/7/8/4/3/58637843a.jpg;APPARTEMENT - MANTES LA JOLIE -  4Pièces 1/8;maison-plain-pied-la-couture-b-60114296a-3.jpg;176892;https://www.aurea-immobilier.fr/fiches/_58637843/appartement-mantes-la-jolie-4pieces.html
https://www.aurea-immobilier.fr/fiches/office5/aureaimmo_140824/catalog/images/pr_p/5/8/6/3/7/8/4/3/58637843b.jpg;APPARTEMENT - MANTES LA JOLIE -  4Pièces 2/8;maison-plain-pied-la-couture-b-60114296a-3.jpg;176892;https://www.aurea-immobilier.fr/fiches/_58637843/appartement-mantes-la-jolie-4pieces.html
https://www.aurea-immobilier.fr/fiches/office5/aureaimmo_140824/catalog/images/pr_p/5/8/6/3/7/8/4/3/58637843c.jpg;APPARTEMENT - MANTES LA JOLIE -  4Pièces 3/8;maison-plain-pied-la-couture-b-60114296a-3.jpg;176892;https://www.aurea-immobilier.fr/fiches/_58637843/appartement-mantes-la-jolie-4pieces.html
https://www.aurea-immobilier.fr/fiches/office5/aureaimmo_140824/catalog/images/pr_p/5/8/6/3/7/8/4/3/58637843d.jpg;APPARTEMENT - MANTES LA JOLIE -  4Pièces 4/8;maison-plain-pied-la-couture-b-60114296a-3.jpg;176892;https://www.aurea-immobilier.fr/fiches/_58637843/appartement-mantes-la-jolie-4pieces.html
https://www.aurea-immobilier.fr/fiches/office5/aureaimmo_140824/catalog/images/pr_p/5/8/6/3/7/8/4/3/58637843e.jpg;APPARTEMENT - MANTES LA JOLIE -  4Pièces 5/8;maison-plain-pied-la-couture-b-60114296a-3.jpg;176892;https://www.aurea-immobilier.fr/fiches/_58637843/appartement-mantes-la-jolie-4pieces.html
https://www.aurea-immobilier.fr/fiches/office5/aureaimmo_140824/catalog/images/pr_p/5/8/6/3/7/8/4/3/58637843f.jpg;APPARTEMENT - MANTES LA JOLIE -  4Pièces 6/8;maison-plain-pied-la-couture-b-60114296a-3.jpg;176892;https://www.aurea-immobilier.fr/fiches/_58637843/appartement-mantes-la-jolie-4pieces.html
https://www.aurea-immobilier.fr/fiches/office5/aureaimmo_140824/catalog/images/pr_p/5/8/6/3/7/8/4/3/58637843g.jpg;APPARTEMENT - MANTES LA JOLIE -  4Pièces 7/8;maison-plain-pied-la-couture-b-60114296a-3.jpg;176892;https://www.aurea-immobilier.fr/fiches/_58637843/appartement-mantes-la-jolie-4pieces.html
https://www.aurea-immobilier.fr/fiches/office5/aureaimmo_140824/catalog/images/pr_p/5/8/6/3/7/8/4/3/58637843h.jpg;APPARTEMENT - MANTES LA JOLIE -  4Pièces 8/8;maison-plain-pied-la-couture-b-60114296a-3.jpg;176892;https://www.aurea-immobilier.fr/fiches/_58637843/appartement-mantes-la-jolie-4pieces.html
https://www.aurea-immobilier.fr/fiches/office5_front/aureaimmo_140824/cache/dpe_ges/dpe_4c16957e95a5721bbedb0101ef2c008f.svg;Consommation énergetique;maison-plain-pied-la-couture-b-60114296a-3.jpg;176892;https://www.aurea-immobilier.fr/fiches/_58637843/appartement-mantes-la-jolie-4pieces.html
https://www.aurea-immobilier.fr/fiches/office5_front/aureaimmo_140824/cache/dpe_ges/ges_4c16957e95a5721bbedb0101ef2c008f.svg;Faible émission de GES;maison-plain-pied-la-couture-b-60114296a-3.jpg;176892;https://www.aurea-immobilier.fr/fiches/_58637843/appartement-mantes-la-jolie-4pieces.html
https://www.aurea-immobilier.fr/fiches/office5/aureaimmo_140824/catalog/images/pr_p/5/8/3/0/5/6/0/5/58305605a.jpg;Maison - Mantes La Ville - 110m2 1/11;maison-plain-pied-la-couture-b-60114296a-3.jpg;176892;https://www.aurea-immobilier.fr/fiches/_58305605/maison-mantes-la-ville-110m2.html
https://www.aurea-immobilier.fr/fiches/office5/aureaimmo_140824/catalog/images/pr_p/5/8/3/0/5/6/0/5/58305605b.jpg;Maison - Mantes La Ville - 110m2 2/11;maison-plain-pied-la-couture-b-60114296a-3.jpg;176892;https://www.aurea-immobilier.fr/fiches/_58305605/maison-mantes-la-ville-110m2.html
https://www.aurea-immobilier.fr/fiches/office5/aureaimmo_140824/catalog/images/pr_p/5/8/3/0/5/6/0/5/58305605c.jpg;Maison - Mantes La Ville - 110m2 3/11;maison-plain-pied-la-couture-b-60114296a-3.jpg;176892;https://www.aurea-immobilier.fr/fiches/_58305605/maison-mantes-la-ville-110m2.html
https://www.aurea-immobilier.fr/fiches/office5/aureaimmo_140824/catalog/images/pr_p/5/8/3/0/5/6/0/5/58305605d.jpg;Maison - Mantes La Ville - 110m2 4/11;maison-plain-pied-la-couture-b-60114296a-3.jpg;176892;https://www.aurea-immobilier.fr/fiches/_58305605/maison-mantes-la-ville-110m2.html
https://www.aurea-immobilier.fr/fiches/office5/aureaimmo_140824/catalog/images/pr_p/5/8/3/0/5/6/0/5/58305605e.jpg;Maison - Mantes La Ville - 110m2 5/11;maison-plain-pied-la-couture-b-60114296a-3.jpg;176892;https://www.aurea-immobilier.fr/fiches/_58305605/maison-mantes-la-ville-110m2.html
https://www.aurea-immobilier.fr/fiches/office5/aureaimmo_140824/catalog/images/pr_p/5/8/3/0/5/6/0/5/58305605f.jpg;Maison - Mantes La Ville - 110m2 6/11;maison-plain-pied-la-couture-b-60114296a-3.jpg;176892;https://www.aurea-immobilier.fr/fiches/_58305605/maison-mantes-la-ville-110m2.html
https://www.aurea-immobilier.fr/fiches/office5/aureaimmo_140824/catalog/images/pr_p/5/8/3/0/5/6/0/5/58305605g.jpg;Maison - Mantes La Ville - 110m2 7/11;maison-plain-pied-la-couture-b-60114296a-3.jpg;176892;https://www.aurea-immobilier.fr/fiches/_58305605/maison-mantes-la-ville-110m2.html
https://www.aurea-immobilier.fr/fiches/office5/aureaimmo_140824/catalog/images/pr_p/5/8/3/0/5/6/0/5/58305605h.jpg;Maison - Mantes La Ville - 110m2 8/11;maison-plain-pied-la-couture-b-60114296a-3.jpg;176892;https://www.aurea-immobilier.fr/fiches/_58305605/maison-mantes-la-ville-110m2.html
https://www.aurea-immobilier.fr/fiches/office5/aureaimmo_140824/catalog/images/pr_p/5/8/3/0/5/6/0/5/58305605i.jpg;Maison - Mantes La Ville - 110m2 9/11;maison-plain-pied-la-couture-b-60114296a-3.jpg;176892;https://www.aurea-immobilier.fr/fiches/_58305605/maison-mantes-la-ville-110m2.html
https://www.aurea-immobilier.fr/fiches/office5/aureaimmo_140824/catalog/images/pr_p/5/8/3/0/5/6/0/5/58305605j.jpg;Maison - Mantes La Ville - 110m2 10/11;maison-plain-pied-la-couture-b-60114296a-3.jpg;176892;https://www.aurea-immobilier.fr/fiches/_58305605/maison-mantes-la-ville-110m2.html
https://www.aurea-immobilier.fr/fiches/office5/aureaimmo_140824/catalog/images/pr_p/5/8/3/0/5/6/0/5/58305605k.jpg;Maison - Mantes La Ville - 110m2 11/11;maison-plain-pied-la-couture-b-60114296a-3.jpg;176892;https://www.aurea-immobilier.fr/fiches/_58305605/maison-mantes-la-ville-110m2.html
https://www.aurea-immobilier.fr/fiches/office5_front/aureaimmo_140824/cache/dpe_ges/dpe_1b6d9abca660ac9815c92479726f33b3.svg;Consommation énergetique;maison-plain-pied-la-couture-b-60114296a-3.jpg;176892;https://www.aurea-immobilier.fr/fiches/_58305605/maison-mantes-la-ville-110m2.html
https://www.aurea-immobilier.fr/fiches/office5_front/aureaimmo_140824/cache/dpe_ges/ges_1b6d9abca660ac9815c92479726f33b3.svg;Faible émission de GES;maison-plain-pied-la-couture-b-60114296a-3.jpg;176892;https://www.aurea-immobilier.fr/fiches/_58305605/maison-mantes-la-ville-110m2.html
https://www.aurea-immobilier.fr/fiches/office5/aureaimmo_140824/catalog/images/members/839242.jpg;DENAT Zachary;maison-plain-pied-la-couture-b-60114296a-3.jpg;176892;https://www.aurea-immobilier.fr/fiches/_58305605/maison-mantes-la-ville-110m2.html
https://www.aurea-immobilier.fr/fiches/office5/aureaimmo_140824/catalog/images/pr_p/6/0/5/5/0/0/7/4/60550074a.jpg;Maison Le Cormier 5 pièce(s) 144 m2 1/9;maison-plain-pied-la-couture-b-60114296a-3.jpg;176892;https://www.aurea-immobilier.fr/fiches/_60550074/maison-le-cormier-5-piece-s-144-m2.html
https://www.aurea-immobilier.fr/fiches/office5/aureaimmo_140824/catalog/images/pr_p/6/0/5/5/0/0/7/4/60550074b.jpg;Maison Le Cormier 5 pièce(s) 144 m2 2/9;maison-plain-pied-la-couture-b-60114296a-3.jpg;176892;https://www.aurea-immobilier.fr/fiches/_60550074/maison-le-cormier-5-piece-s-144-m2.html
https://www.aurea-immobilier.fr/fiches/office5/aureaimmo_140824/catalog/images/pr_p/6/0/5/5/0/0/7/4/60550074c.jpg;Maison Le Cormier 5 pièce(s) 144 m2 3/9;maison-plain-pied-la-couture-b-60114296a-3.jpg;176892;https://www.aurea-immobilier.fr/fiches/_60550074/maison-le-cormier-5-piece-s-144-m2.html
https://www.aurea-immobilier.fr/fiches/office5/aureaimmo_140824/catalog/images/pr_p/6/0/5/5/0/0/7/4/60550074d.jpg;Maison Le Cormier 5 pièce(s) 144 m2 4/9;maison-plain-pied-la-couture-b-60114296a-3.jpg;176892;https://www.aurea-immobilier.fr/fiches/_60550074/maison-le-cormier-5-piece-s-144-m2.html
https://www.aurea-immobilier.fr/fiches/office5/aureaimmo_140824/catalog/images/pr_p/6/0/5/5/0/0/7/4/60550074e.jpg;Maison Le Cormier 5 pièce(s) 144 m2 5/9;maison-plain-pied-la-couture-b-60114296a-3.jpg;176892;https://www.aurea-immobilier.fr/fiches/_60550074/maison-le-cormier-5-piece-s-144-m2.html
https://www.aurea-immobilier.fr/fiches/office5/aureaimmo_140824/catalog/images/pr_p/6/0/5/5/0/0/7/4/60550074f.jpg;Maison Le Cormier 5 pièce(s) 144 m2 6/9;maison-plain-pied-la-couture-b-60114296a-3.jpg;176892;https://www.aurea-immobilier.fr/fiches/_60550074/maison-le-cormier-5-piece-s-144-m2.html
https://www.aurea-immobilier.fr/fiches/office5/aureaimmo_140824/catalog/images/pr_p/6/0/5/5/0/0/7/4/60550074g.jpg;Maison Le Cormier 5 pièce(s) 144 m2 7/9;maison-plain-pied-la-couture-b-60114296a-3.jpg;176892;https://www.aurea-immobilier.fr/fiches/_60550074/maison-le-cormier-5-piece-s-144-m2.html
https://www.aurea-immobilier.fr/fiches/office5/aureaimmo_140824/catalog/images/pr_p/6/0/5/5/0/0/7/4/60550074h.jpg;Maison Le Cormier 5 pièce(s) 144 m2 8/9;maison-plain-pied-la-couture-b-60114296a-3.jpg;176892;https://www.aurea-immobilier.fr/fiches/_60550074/maison-le-cormier-5-piece-s-144-m2.html
https://www.aurea-immobilier.fr/fiches/office5/aureaimmo_140824/catalog/images/pr_p/6/0/5/5/0/0/7/4/60550074i.jpg;Maison Le Cormier 5 pièce(s) 144 m2 9/9;maison-plain-pied-la-couture-b-60114296a-3.jpg;176892;https://www.aurea-immobilier.fr/fiches/_60550074/maison-le-cormier-5-piece-s-144-m2.html
https://www.aurea-immobilier.fr/fiches/office5_front/aureaimmo_140824/cache/dpe_ges/dpe_3e9faeb9d68922d7a98003dd678b8c8e.svg;Consommation énergetique;maison-plain-pied-la-couture-b-60114296a-3.jpg;176892;https://www.aurea-immobilier.fr/fiches/_60550074/maison-le-cormier-5-piece-s-144-m2.html
https://www.aurea-immobilier.fr/fiches/office5_front/aureaimmo_140824/cache/dpe_ges/ges_3e9faeb9d68922d7a98003dd678b8c8e.svg;Faible émission de GES;maison-plain-pied-la-couture-b-60114296a-3.jpg;176892;https://www.aurea-immobilier.fr/fiches/_60550074/maison-le-cormier-5-piece-s-144-m2.html
https://www.aurea-immobilier.fr/fiches/office5/aureaimmo_140824/catalog/images/members/839273.jpg;Laly Natacha;maison-plain-pied-la-couture-b-60114296a-3.jpg;176892;https://www.aurea-immobilier.fr/fiches/_60550074/maison-le-cormier-5-piece-s-144-m2.html
https://www.aurea-immobilier.fr/fiches/office5/aureaimmo_140824/catalog/images/pr_p/6/0/7/0/5/3/6/8/60705368a.jpg;MAISON - ARTHIES - 6 Pièces 1/13;maison-plain-pied-la-couture-b-60114296a-3.jpg;176892;https://www.aurea-immobilier.fr/fiches/_60705368/maison-arthies-6-pieces.html
https://www.aurea-immobilier.fr/fiches/office5/aureaimmo_140824/catalog/images/pr_p/6/0/7/0/5/3/6/8/60705368b.jpg;MAISON - ARTHIES - 6 Pièces 2/13;maison-plain-pied-la-couture-b-60114296a-3.jpg;176892;https://www.aurea-immobilier.fr/fiches/_60705368/maison-arthies-6-pieces.html
https://www.aurea-immobilier.fr/fiches/office5/aureaimmo_140824/catalog/images/pr_p/6/0/7/0/5/3/6/8/60705368c.jpg;MAISON - ARTHIES - 6 Pièces 3/13;maison-plain-pied-la-couture-b-60114296a-3.jpg;176892;https://www.aurea-immobilier.fr/fiches/_60705368/maison-arthies-6-pieces.html
https://www.aurea-immobilier.fr/fiches/office5/aureaimmo_140824/catalog/images/pr_p/6/0/7/0/5/3/6/8/60705368d.jpg;MAISON - ARTHIES - 6 Pièces 4/13;maison-plain-pied-la-couture-b-60114296a-3.jpg;176892;https://www.aurea-immobilier.fr/fiches/_60705368/maison-arthies-6-pieces.html
https://www.aurea-immobilier.fr/fiches/office5/aureaimmo_140824/catalog/images/pr_p/6/0/7/0/5/3/6/8/60705368e.jpg;MAISON - ARTHIES - 6 Pièces 5/13;maison-plain-pied-la-couture-b-60114296a-3.jpg;176892;https://www.aurea-immobilier.fr/fiches/_60705368/maison-arthies-6-pieces.html
https://www.aurea-immobilier.fr/fiches/office5/aureaimmo_140824/catalog/images/pr_p/6/0/7/0/5/3/6/8/60705368f.jpg;MAISON - ARTHIES - 6 Pièces 6/13;maison-plain-pied-la-couture-b-60114296a-3.jpg;176892;https://www.aurea-immobilier.fr/fiches/_60705368/maison-arthies-6-pieces.html
https://www.aurea-immobilier.fr/fiches/office5/aureaimmo_140824/catalog/images/pr_p/6/0/7/0/5/3/6/8/60705368g.jpg;MAISON - ARTHIES - 6 Pièces 7/13;maison-plain-pied-la-couture-b-60114296a-3.jpg;176892;https://www.aurea-immobilier.fr/fiches/_60705368/maison-arthies-6-pieces.html
https://www.aurea-immobilier.fr/fiches/office5/aureaimmo_140824/catalog/images/pr_p/6/0/7/0/5/3/6/8/60705368h.jpg;MAISON - ARTHIES - 6 Pièces 8/13;maison-plain-pied-la-couture-b-60114296a-3.jpg;176892;https://www.aurea-immobilier.fr/fiches/_60705368/maison-arthies-6-pieces.html
https://www.aurea-immobilier.fr/fiches/office5/aureaimmo_140824/catalog/images/pr_p/6/0/7/0/5/3/6/8/60705368i.jpg;MAISON - ARTHIES - 6 Pièces 9/13;maison-plain-pied-la-couture-b-60114296a-3.jpg;176892;https://www.aurea-immobilier.fr/fiches/_60705368/maison-arthies-6-pieces.html
https://www.aurea-immobilier.fr/fiches/office5/aureaimmo_140824/catalog/images/pr_p/6/0/7/0/5/3/6/8/60705368j.jpg;MAISON - ARTHIES - 6 Pièces 10/13;maison-plain-pied-la-couture-b-60114296a-3.jpg;176892;https://www.aurea-immobilier.fr/fiches/_60705368/maison-arthies-6-pieces.html
https://www.aurea-immobilier.fr/fiches/office5/aureaimmo_140824/catalog/images/pr_p/6/0/7/0/5/3/6/8/60705368k.jpg;MAISON - ARTHIES - 6 Pièces 11/13;maison-plain-pied-la-couture-b-60114296a-3.jpg;176892;https://www.aurea-immobilier.fr/fiches/_60705368/maison-arthies-6-pieces.html
https://www.aurea-immobilier.fr/fiches/office5/aureaimmo_140824/catalog/images/pr_p/6/0/7/0/5/3/6/8/60705368l.jpg;MAISON - ARTHIES - 6 Pièces 12/13;maison-plain-pied-la-couture-b-60114296a-3.jpg;176892;https://www.aurea-immobilier.fr/fiches/_60705368/maison-arthies-6-pieces.html
https://www.aurea-immobilier.fr/fiches/office5/aureaimmo_140824/catalog/images/pr_p/6/0/7/0/5/3/6/8/60705368m.jpg;MAISON - ARTHIES - 6 Pièces 13/13;maison-plain-pied-la-couture-b-60114296a-3.jpg;176892;https://www.aurea-immobilier.fr/fiches/_60705368/maison-arthies-6-pieces.html
https://www.aurea-immobilier.fr/fiches/office5_front/aureaimmo_140824/cache/dpe_ges/dpe_e835b386cd1f4fb7eb1fdaeeaa167303.svg;Consommation énergetique;maison-plain-pied-la-couture-b-60114296a-3.jpg;176892;https://www.aurea-immobilier.fr/fiches/_60705368/maison-arthies-6-pieces.html
https://www.aurea-immobilier.fr/fiches/office5_front/aureaimmo_140824/cache/dpe_ges/ges_e835b386cd1f4fb7eb1fdaeeaa167303.svg;Faible émission de GES;maison-plain-pied-la-couture-b-60114296a-3.jpg;176892;https://www.aurea-immobilier.fr/fiches/_60705368/maison-arthies-6-pieces.html
https://www.aurea-immobilier.fr/fiches/office5/aureaimmo_140824/catalog/images/members/849087.jpg;NICAISE Marion;maison-plain-pied-la-couture-b-60114296a-3.jpg;176892;https://www.aurea-immobilier.fr/fiches/_60705368/maison-arthies-6-pieces.html
https://www.aurea-immobilier.fr/office5/aureaimmo_140824/catalog/images/pr_p/5/8/8/6/5/9/3/3/58865933a.jpg;Maison de ville - Porcheville;maison-de-ville-porcheville-58865933a.jpg;135830;https://www.aurea-immobilier.fr/catalog/products_selled.php?page=2
https://www.aurea-immobilier.fr/office5/aureaimmo_140824/catalog/images/pr_p/5/8/8/6/5/9/3/3/58865933b.jpg;Maison de ville - Porcheville 2;maison-de-ville-porcheville-2-58865933b.jpg;143791;https://www.aurea-immobilier.fr/catalog/products_selled.php?page=2
https://www.aurea-immobilier.fr/office5/aureaimmo_140824/catalog/images/pr_p/6/0/5/9/4/7/8/3/60594783a.jpg;MAISON - MANTES LA JOLIE - MARTRAITS - 6Pièces;maison-mantes-la-jolie-martrai-60594783a.jpg;396088;https://www.aurea-immobilier.fr/catalog/products_selled.php?page=2
https://www.aurea-immobilier.fr/office5/aureaimmo_140824/catalog/images/pr_p/6/0/5/9/4/7/8/3/60594783b.jpg;MAISON - MANTES LA JOLIE - MARTRAITS - 6Pièces 2;maison-mantes-la-jolie-martrai-60594783b.jpg;286977;https://www.aurea-immobilier.fr/catalog/products_selled.php?page=2
https://www.aurea-immobilier.fr/office5/aureaimmo_140824/catalog/images/pr_p/6/0/0/5/9/3/2/1/60059321a.jpg;Studio de 30m2 avec jardin sur Mantes-la-Jolie;studio-de-30m2-avec-jardin-sur-60059321a.jpg;224463;https://www.aurea-immobilier.fr/catalog/products_selled.php?page=2
https://www.aurea-immobilier.fr/office5/aureaimmo_140824/catalog/images/pr_p/6/0/0/5/9/3/2/1/60059321b.jpg;Studio de 30m2 avec jardin sur Mantes-la-Jolie 2;studio-de-30m2-avec-jardin-sur-60059321b.jpg;224988;https://www.aurea-immobilier.fr/catalog/products_selled.php?page=2
https://www.aurea-immobilier.fr/office5/aureaimmo_140824/catalog/images/pr_p/5/9/9/7/3/0/5/8/59973058a.jpg;APPARTEMENT - PONTOISE CENTRE VILLE - 5Pièces;appartement-pontoise-centre-vi-59973058a.jpg;218599;https://www.aurea-immobilier.fr/catalog/products_selled.php?page=2
https://www.aurea-immobilier.fr/office5/aureaimmo_140824/catalog/images/pr_p/5/9/9/7/3/0/5/8/59973058b.jpg;APPARTEMENT - PONTOISE CENTRE VILLE - 5Pièces 2;appartement-pontoise-centre-vi-59973058b.jpg;244091;https://www.aurea-immobilier.fr/catalog/products_selled.php?page=2
https://www.aurea-immobilier.fr/office5/aureaimmo_140824/catalog/images/pr_p/6/0/2/3/8/3/2/5/60238325a.jpg;Appartement 4 pièces de 71m2 à Mantes La Jolie;appartement-4-pieces-de-71m2-a-60238325a.jpg;166429;https://www.aurea-immobilier.fr/catalog/products_selled.php?page=2
https://www.aurea-immobilier.fr/office5/aureaimmo_140824/catalog/images/pr_p/6/0/2/3/8/3/2/5/60238325b.jpg;Appartement 4 pièces de 71m2 à Mantes La Jolie 2;appartement-4-pieces-de-71m2-a-60238325b.jpg;148338;https://www.aurea-immobilier.fr/catalog/products_selled.php?page=2
https://www.aurea-immobilier.fr/office5/aureaimmo_140824/catalog/images/pr_p/6/0/1/9/7/1/6/1/60197161a.jpg;Appartement de 2 pièces sur MAULE;appartement-de-2-pieces-sur-ma-60197161a.jpg;133133;https://www.aurea-immobilier.fr/catalog/products_selled.php?page=2
https://www.aurea-immobilier.fr/office5/aureaimmo_140824/catalog/images/pr_p/6/0/1/9/7/1/6/1/60197161b.jpg;Appartement de 2 pièces sur MAULE 2;appartement-de-2-pieces-sur-ma-60197161b.jpg;127887;https://www.aurea-immobilier.fr/catalog/products_selled.php?page=2
https://www.aurea-immobilier.fr/office5/aureaimmo_140824/catalog/images/pr_p/5/9/4/2/0/8/5/3/59420853a.jpg;Maison Flacourt 7 pièce(s) 169 m2;maison-flacourt-7-piece-s-169-59420853a.jpg;146403;https://www.aurea-immobilier.fr/catalog/products_selled.php?page=2
https://www.aurea-immobilier.fr/office5/aureaimmo_140824/catalog/images/pr_p/5/9/4/2/0/8/5/3/59420853b.jpg;Maison Flacourt 7 pièce(s) 169 m2 2;maison-flacourt-7-piece-s-169-59420853b.jpg;178595;https://www.aurea-immobilier.fr/catalog/products_selled.php?page=2
https://www.aurea-immobilier.fr/office5/aureaimmo_140824/catalog/images/pr_p/5/9/8/7/1/9/1/4/59871914a.jpg;IMMEUBLE DE RAPPORT - JUZIERS;immeuble-de-rapport-juziers-59871914a.jpg;270675;https://www.aurea-immobilier.fr/catalog/products_selled.php?page=2
https://www.aurea-immobilier.fr/office5/aureaimmo_140824/catalog/images/pr_p/5/9/8/7/1/9/1/4/59871914b.jpg;IMMEUBLE DE RAPPORT - JUZIERS 2;immeuble-de-rapport-juziers-2-59871914b.jpg;454545;https://www.aurea-immobilier.fr/catalog/products_selled.php?page=2
https://www.aurea-immobilier.fr/office5/aureaimmo_140824/catalog/images/pr_p/5/8/2/6/3/6/3/4/58263634a.jpg;Appartement PREMIUM 4 pièces à Mantes-la-Jolie;appartement-premium-4-pieces-a-58263634a.jpg;212641;https://www.aurea-immobilier.fr/catalog/products_selled.php?page=2
https://www.aurea-immobilier.fr/office5/aureaimmo_140824/catalog/images/pr_p/5/8/2/6/3/6/3/4/58263634b.jpg;Appartement PREMIUM 4 pièces à Mantes-la-Jolie 2;appartement-premium-4-pieces-a-58263634b.jpg;206835;https://www.aurea-immobilier.fr/catalog/products_selled.php?page=2
https://www.aurea-immobilier.fr/office5/aureaimmo_140824/catalog/images/pr_p/5/8/4/2/5/7/5/4/58425754a.jpg;MAISON - MANTES-LA-VILLE - 10 Pièces , Mantes-la-Ville;maison-mantes-la-ville-10-piec-58425754a.jpg;692871;https://www.aurea-immobilier.fr/catalog/products_selled.php?page=2
https://www.aurea-immobilier.fr/office5/aureaimmo_140824/catalog/images/pr_p/5/8/4/2/5/7/5/4/58425754b.jpg;MAISON - MANTES-LA-VILLE - 10 Pièces , Mantes-la-Ville 2;maison-mantes-la-ville-10-piec-58425754b.jpg;177597;https://www.aurea-immobilier.fr/catalog/products_selled.php?page=2
https://www.aurea-immobilier.fr/office5/aureaimmo_140824/catalog/images/pr_p/5/8/6/4/9/6/1/6/58649616a.jpg;APPARTEMENT - MANTES LA JOLIE - Centre ville - 4Pièces;appartement-mantes-la-jolie-ce-58649616a.jpg;198647;https://www.aurea-immobilier.fr/catalog/products_selled.php?page=2
https://www.aurea-immobilier.fr/office5/aureaimmo_140824/catalog/images/pr_p/5/8/6/4/9/6/1/6/58649616b.jpg;APPARTEMENT - MANTES LA JOLIE - Centre ville - 4Pièces 2;appartement-mantes-la-jolie-ce-58649616b.jpg;202160;https://www.aurea-immobilier.fr/catalog/products_selled.php?page=2
https://www.aurea-immobilier.fr/office5/aureaimmo_140824/catalog/images/pr_p/5/9/9/5/1/9/1/3/59951913a.jpg;Appartement  3 pièces Mantes-la-Ville;appartement-3-pieces-mantes-la-59951913a.jpg;137552;https://www.aurea-immobilier.fr/catalog/products_selled.php?page=2
https://www.aurea-immobilier.fr/office5/aureaimmo_140824/catalog/images/pr_p/5/9/9/5/1/9/1/3/59951913b.jpg;Appartement  3 pièces Mantes-la-Ville 2;appartement-3-pieces-mantes-la-59951913b.jpg;144709;https://www.aurea-immobilier.fr/catalog/products_selled.php?page=2
https://www.aurea-immobilier.fr/office5/aureaimmo_140824/catalog/images/pr_p/5/9/6/5/4/9/7/4/59654974a.jpg;Appartement  2 pièces à ERAGNY SUR OISE;appartement-2-pieces-a-eragny-59654974a.jpg;751005;https://www.aurea-immobilier.fr/catalog/products_selled.php?page=3
https://www.aurea-immobilier.fr/office5/aureaimmo_140824/catalog/images/pr_p/5/9/6/5/4/9/7/4/59654974b.jpg;Appartement  2 pièces à ERAGNY SUR OISE 2;appartement-2-pieces-a-eragny-59654974b.jpg;706486;https://www.aurea-immobilier.fr/catalog/products_selled.php?page=3
https://www.aurea-immobilier.fr/office5/aureaimmo_140824/catalog/images/pr_p/5/9/2/3/3/2/8/5/59233285a.jpg;Maison  5 pièces  105 m2;maison-5-pieces-105-m2-59233285a.jpg;205193;https://www.aurea-immobilier.fr/catalog/products_selled.php?page=3
https://www.aurea-immobilier.fr/office5/aureaimmo_140824/catalog/images/pr_p/5/9/2/3/3/2/8/5/59233285b.jpg;Maison  5 pièces  105 m2 2;maison-5-pieces-105-m2-2-59233285b.jpg;189432;https://www.aurea-immobilier.fr/catalog/products_selled.php?page=3
https://www.aurea-immobilier.fr/office5/aureaimmo_140824/catalog/images/pr_p/5/9/4/0/6/6/1/9/59406619a.jpg;Appartement 2 pièces sur Mantes-la-Jolie;appartement-2-pieces-sur-mante-59406619a.jpg;186224;https://www.aurea-immobilier.fr/catalog/products_selled.php?page=3
https://www.aurea-immobilier.fr/office5/aureaimmo_140824/catalog/images/pr_p/5/9/4/0/6/6/1/9/59406619b.jpg;Appartement 2 pièces sur Mantes-la-Jolie 2;appartement-2-pieces-sur-mante-59406619b.jpg;230158;https://www.aurea-immobilier.fr/catalog/products_selled.php?page=3
https://www.aurea-immobilier.fr/office5/aureaimmo_140824/catalog/images/pr_p/5/8/8/4/0/5/8/2/58840582a.jpg;Local commercial Mantes La Jolie sur 2 étages de 95m2;local-commercial-mantes-la-jol-58840582a.jpg;200553;https://www.aurea-immobilier.fr/catalog/products_selled.php?page=3
https://www.aurea-immobilier.fr/office5/aureaimmo_140824/catalog/images/pr_p/5/8/8/4/0/5/8/2/58840582b.jpg;Local commercial Mantes La Jolie sur 2 étages de 95m2 2;local-commercial-mantes-la-jol-58840582b.jpg;186302;https://www.aurea-immobilier.fr/catalog/products_selled.php?page=3
https://www.aurea-immobilier.fr/office5/aureaimmo_140824/catalog/images/pr_p/5/9/0/7/8/2/8/2/59078282a.jpg;APPARTEMENT Gargenville 5 pièces 123 m2;appartement-gargenville-5-piec-59078282a.jpg;1097891;https://www.aurea-immobilier.fr/catalog/products_selled.php?page=3
https://www.aurea-immobilier.fr/office5/aureaimmo_140824/catalog/images/pr_p/5/9/0/7/8/2/8/2/59078282b.jpg;APPARTEMENT Gargenville 5 pièces 123 m2 2;appartement-gargenville-5-piec-59078282b.jpg;1039901;https://www.aurea-immobilier.fr/catalog/products_selled.php?page=3
https://www.aurea-immobilier.fr/office5/aureaimmo_140824/catalog/images/pr_p/5/9/6/5/5/0/8/9/59655089a.jpg;IMMEUBLE DE RAPPORT - MANTES LA VILLE - GARE;immeuble-de-rapport-mantes-la-59655089a.jpg;296708;https://www.aurea-immobilier.fr/catalog/products_selled.php?page=3
https://www.aurea-immobilier.fr/office5/aureaimmo_140824/catalog/images/pr_p/5/9/6/5/5/0/8/9/59655089b.jpg;IMMEUBLE DE RAPPORT - MANTES LA VILLE - GARE 2;immeuble-de-rapport-mantes-la-59655089b.jpg;307200;https://www.aurea-immobilier.fr/catalog/products_selled.php?page=3
https://www.aurea-immobilier.fr/office5/aureaimmo_140824/catalog/images/pr_p/5/9/6/4/9/6/0/8/59649608a.jpg;Appartement  2 pièces sur Limay;appartement-2-pieces-sur-limay-59649608a.jpg;134770;https://www.aurea-immobilier.fr/catalog/products_selled.php?page=3
https://www.aurea-immobilier.fr/office5/aureaimmo_140824/catalog/images/pr_p/5/9/6/4/9/6/0/8/59649608b.jpg;Appartement  2 pièces sur Limay 2;appartement-2-pieces-sur-limay-59649608b.jpg;109819;https://www.aurea-immobilier.fr/catalog/products_selled.php?page=3
https://www.aurea-immobilier.fr/office5/aureaimmo_140824/catalog/images/pr_p/5/9/6/4/7/0/2/0/59647020a.jpg;Maison Illiers-l'Évêque 3 pièces 57 m2;maison-illiers-l-eveque-3-piec-59647020a.jpg;166893;https://www.aurea-immobilier.fr/catalog/products_selled.php?page=3
https://www.aurea-immobilier.fr/office5/aureaimmo_140824/catalog/images/pr_p/5/9/6/4/7/0/2/0/59647020b.jpg;Maison Illiers-l'Évêque 3 pièces 57 m2 2;maison-illiers-l-eveque-3-piec-59647020b.jpg;245893;https://www.aurea-immobilier.fr/catalog/products_selled.php?page=3
https://www.aurea-immobilier.fr/office5/aureaimmo_140824/catalog/images/pr_p/5/9/6/7/4/4/7/4/59674474a.jpg;APPARTEMENT - GARE - 3Pièces;appartement-gare-3pieces-59674474a.jpg;266623;https://www.aurea-immobilier.fr/catalog/products_selled.php?page=3
https://www.aurea-immobilier.fr/office5/aureaimmo_140824/catalog/images/pr_p/5/9/6/7/4/4/7/4/59674474b.jpg;APPARTEMENT - GARE - 3Pièces 2;appartement-gare-3pieces-2-59674474b.jpg;220021;https://www.aurea-immobilier.fr/catalog/products_selled.php?page=3
https://www.aurea-immobilier.fr/office5/aureaimmo_140824/catalog/images/pr_p/5/9/1/4/2/9/2/3/59142923a.jpg;Appartement Mantes La Jolie 2 pièces;appartement-mantes-la-jolie-2-59142923a.jpg;89177;https://www.aurea-immobilier.fr/catalog/products_selled.php?page=3
https://www.aurea-immobilier.fr/office5/aureaimmo_140824/catalog/images/pr_p/5/9/1/4/2/9/2/3/59142923b.jpg;Appartement Mantes La Jolie 2 pièces 2;appartement-mantes-la-jolie-2-59142923b.jpg;70567;https://www.aurea-immobilier.fr/catalog/products_selled.php?page=3
https://www.aurea-immobilier.fr/office5/aureaimmo_140824/catalog/images/pr_p/5/9/4/1/5/2/0/3/59415203a.jpg;Appartement  4 pièce(s) 75 m2;appartement-4-piece-s-75-m2-59415203a.jpg;129127;https://www.aurea-immobilier.fr/catalog/products_selled.php?page=3
https://www.aurea-immobilier.fr/office5/aureaimmo_140824/catalog/images/pr_p/5/8/3/7/2/9/8/2/58372982a.jpg;APPARTEMENT - LIMAY - 3 pièces 65 m2;appartement-limay-3-pieces-65-58372982a.jpg;1666297;https://www.aurea-immobilier.fr/catalog/products_selled.php?page=3
https://www.aurea-immobilier.fr/office5/aureaimmo_140824/catalog/images/pr_p/5/8/3/7/2/9/8/2/58372982b.jpg;APPARTEMENT - LIMAY - 3 pièces 65 m2 2;appartement-limay-3-pieces-65-58372982b.jpg;258917;https://www.aurea-immobilier.fr/catalog/products_selled.php?page=3
https://www.aurea-immobilier.fr/office5/aureaimmo_140824/catalog/images/pr_p/5/9/0/3/0/1/7/3/59030173a.jpg;MAISON - VEXIN - 5 PIÈCES;maison-vexin-5-pieces-59030173a.jpg;402637;https://www.aurea-immobilier.fr/catalog/products_selled.php?page=4
https://www.aurea-immobilier.fr/office5/aureaimmo_140824/catalog/images/pr_p/5/9/0/3/0/1/7/3/59030173b.jpg;MAISON - VEXIN - 5 PIÈCES 2;maison-vexin-5-pieces-2-59030173b.jpg;217550;https://www.aurea-immobilier.fr/catalog/products_selled.php?page=4
https://www.aurea-immobilier.fr/office5/aureaimmo_140824/catalog/images/pr_p/5/6/3/4/9/1/7/8/56349178a.jpg;APPARTEMENT - MANTES LA JOLIE - Centre Ville - 4Pièces;appartement-mantes-la-jolie-ce-56349178a.jpg;104354;https://www.aurea-immobilier.fr/catalog/products_selled.php?page=4
https://www.aurea-immobilier.fr/office5/aureaimmo_140824/catalog/images/pr_p/5/6/3/4/9/1/7/8/56349178b.jpg;APPARTEMENT - MANTES LA JOLIE - Centre Ville - 4Pièces 2;appartement-mantes-la-jolie-ce-56349178b.jpg;185180;https://www.aurea-immobilier.fr/catalog/products_selled.php?page=4
https://www.aurea-immobilier.fr/office5/aureaimmo_140824/catalog/images/pr_p/5/9/4/1/1/7/3/8/59411738a.jpg;MAISON - SAINT CYR EN ARTHIES - 6Pièces;maison-saint-cyr-en-arthies-6p-59411738a.jpg;536906;https://www.aurea-immobilier.fr/catalog/products_selled.php?page=4
https://www.aurea-immobilier.fr/office5/aureaimmo_140824/catalog/images/pr_p/5/9/4/1/1/7/3/8/59411738b.jpg;MAISON - SAINT CYR EN ARTHIES - 6Pièces 2;maison-saint-cyr-en-arthies-6p-59411738b.jpg;189883;https://www.aurea-immobilier.fr/catalog/products_selled.php?page=4
https://www.aurea-immobilier.fr/office5/aureaimmo_140824/catalog/images/pr_p/5/9/2/6/1/6/6/7/59261667a.jpg;MAISON - FOLLAINVILLE-DENNEMONT 5 pièces;maison-follainville-dennemont-59261667a.jpg;252070;https://www.aurea-immobilier.fr/catalog/products_selled.php?page=4
https://www.aurea-immobilier.fr/office5/aureaimmo_140824/catalog/images/pr_p/5/9/2/6/1/6/6/7/59261667b.jpg;MAISON - FOLLAINVILLE-DENNEMONT 5 pièces 2;maison-follainville-dennemont-59261667b.jpg;168853;https://www.aurea-immobilier.fr/catalog/products_selled.php?page=4
https://www.aurea-immobilier.fr/office5/aureaimmo_140824/catalog/images/pr_p/5/9/4/2/2/9/9/2/59422992a.jpg;Appartement 4 pièces 80 m2 à Cergy;appartement-4-pieces-80-m2-a-c-59422992a.jpg;156792;https://www.aurea-immobilier.fr/catalog/products_selled.php?page=4
https://www.aurea-immobilier.fr/office5/aureaimmo_140824/catalog/images/pr_p/5/9/4/2/2/9/9/2/59422992b.jpg;Appartement 4 pièces 80 m2 à Cergy 2;appartement-4-pieces-80-m2-a-c-59422992b.jpg;130093;https://www.aurea-immobilier.fr/catalog/products_selled.php?page=4
https://www.aurea-immobilier.fr/office5/aureaimmo_140824/catalog/images/pr_p/5/8/2/9/0/2/7/5/58290275a.jpg;Bureaux Les Mureaux 1 pièce(s) 25.74m2;bureaux-les-mureaux-1-piece-s-58290275a.jpg;168566;https://www.aurea-immobilier.fr/catalog/products_selled.php?page=4
https://www.aurea-immobilier.fr/office5/aureaimmo_140824/catalog/images/pr_p/5/8/2/9/0/2/7/5/58290275b.jpg;Bureaux Les Mureaux 1 pièce(s) 25.74m2 2;bureaux-les-mureaux-1-piece-s-58290275b.jpg;209156;https://www.aurea-immobilier.fr/catalog/products_selled.php?page=4
https://www.aurea-immobilier.fr/office5/aureaimmo_140824/catalog/images/pr_p/5/9/0/7/0/9/3/3/59070933a.jpg;Appartement F4 à Mantes-la-Jolie;appartement-f4-a-mantes-la-jol-59070933a.jpg;222299;https://www.aurea-immobilier.fr/catalog/products_selled.php?page=4
https://www.aurea-immobilier.fr/office5/aureaimmo_140824/catalog/images/pr_p/5/9/0/7/0/9/3/3/59070933b.jpg;Appartement F4 à Mantes-la-Jolie 2;appartement-f4-a-mantes-la-jol-59070933b.jpg;206114;https://www.aurea-immobilier.fr/catalog/products_selled.php?page=4
https://www.aurea-immobilier.fr/office5/aureaimmo_140824/catalog/images/pr_p/5/9/3/7/1/5/7/1/59371571a.jpg;MAISON - LIMAY - 4 PIÈCES;maison-limay-4-pieces-59371571a.jpg;226004;https://www.aurea-immobilier.fr/catalog/products_selled.php?page=4
https://www.aurea-immobilier.fr/office5/aureaimmo_140824/catalog/images/pr_p/5/9/3/7/1/5/7/1/59371571b.jpg;MAISON - LIMAY - 4 PIÈCES 2;maison-limay-4-pieces-2-59371571b.jpg;154244;https://www.aurea-immobilier.fr/catalog/products_selled.php?page=4
https://www.aurea-immobilier.fr/office5/aureaimmo_140824/catalog/images/pr_p/5/8/8/6/3/2/9/1/58863291a.jpg;Appartement Mantes La Jolie 3 pièce(s) 52 m2;appartement-mantes-la-jolie-3-58863291a.jpg;165039;https://www.aurea-immobilier.fr/catalog/products_selled.php?page=4
https://www.aurea-immobilier.fr/office5/aureaimmo_140824/catalog/images/pr_p/5/8/8/6/3/2/9/1/58863291b.jpg;Appartement Mantes La Jolie 3 pièce(s) 52 m2 2;appartement-mantes-la-jolie-3-58863291b.jpg;156932;https://www.aurea-immobilier.fr/catalog/products_selled.php?page=4
https://www.aurea-immobilier.fr/office5/aureaimmo_140824/catalog/images/pr_p/5/6/4/5/5/4/2/4/56455424a.jpg;MAISON - MAUDETOUR EN VEXIN - 6Pièces;maison-maudetour-en-vexin-6pie-56455424a.jpg;626542;https://www.aurea-immobilier.fr/catalog/products_selled.php?page=4
https://www.aurea-immobilier.fr/office5/aureaimmo_140824/catalog/images/pr_p/5/6/4/5/5/4/2/4/56455424b.jpg;MAISON - MAUDETOUR EN VEXIN - 6Pièces 2;maison-maudetour-en-vexin-6pie-56455424b.jpg;210875;https://www.aurea-immobilier.fr/catalog/products_selled.php?page=4
https://www.aurea-immobilier.fr/office5/aureaimmo_140824/catalog/images/pr_p/5/9/0/8/0/1/7/7/59080177a.jpg;Maison de 5 pièces 96 m2 à Mantes-la-Ville;maison-de-5-pieces-96-m2-a-man-59080177a.jpg;164236;https://www.aurea-immobilier.fr/catalog/products_selled.php?page=4
https://www.aurea-immobilier.fr/office5/aureaimmo_140824/catalog/images/pr_p/5/9/0/8/0/1/7/7/59080177b.jpg;Maison de 5 pièces 96 m2 à Mantes-la-Ville 2;maison-de-5-pieces-96-m2-a-man-59080177b.jpg;157353;https://www.aurea-immobilier.fr/catalog/products_selled.php?page=4
https://www.aurea-immobilier.fr/office5/aureaimmo_140824/catalog/images/pr_p/5/8/0/3/7/6/0/4/58037604a.jpg;Appartement T3 sur Cergy (72m2);appartement-t3-sur-cergy-72m2-58037604a.jpg;288209;https://www.aurea-immobilier.fr/catalog/products_selled.php?page=4
https://www.aurea-immobilier.fr/office5/aureaimmo_140824/catalog/images/pr_p/5/8/0/3/7/6/0/4/58037604b.jpg;Appartement T3 sur Cergy (72m2) 2;appartement-t3-sur-cergy-72m2-58037604b.jpg;208389;https://www.aurea-immobilier.fr/catalog/products_selled.php?page=4
https://www.aurea-immobilier.fr/office5/aureaimmo_140824/catalog/images/pr_p/5/9/1/1/9/9/9/6/59119996a.jpg;Appartement  2 pièces 39.69 m2;appartement-2-pieces-39.69-m2-59119996a.jpg;126133;https://www.aurea-immobilier.fr/catalog/products_selled.php?page=5
https://www.aurea-immobilier.fr/office5/aureaimmo_140824/catalog/images/pr_p/5/9/1/1/9/9/9/6/59119996b.jpg;Appartement  2 pièces 39.69 m2 2;appartement-2-pieces-39.69-m2-59119996b.jpg;108249;https://www.aurea-immobilier.fr/catalog/products_selled.php?page=5
https://www.aurea-immobilier.fr/office5/aureaimmo_140824/catalog/images/pr_p/5/8/7/9/1/7/8/8/58791788a.jpg;STUDIO - MANTES LA VILLE - 1 PIÈCE;studio-mantes-la-ville-1-piece-58791788a.jpg;158000;https://www.aurea-immobilier.fr/catalog/products_selled.php?page=5
https://www.aurea-immobilier.fr/office5/aureaimmo_140824/catalog/images/pr_p/5/8/7/9/1/7/8/8/58791788b.jpg;STUDIO - MANTES LA VILLE - 1 PIÈCE 2;studio-mantes-la-ville-1-piece-58791788b.jpg;106604;https://www.aurea-immobilier.fr/catalog/products_selled.php?page=5
https://www.aurea-immobilier.fr/office5/aureaimmo_140824/catalog/images/pr_p/5/7/8/8/8/4/7/9/57888479a.jpg;Terrain constructible à Mantes la Ville;terrain-constructible-a-mantes-57888479a.jpg;531961;https://www.aurea-immobilier.fr/catalog/products_selled.php?page=5
https://www.aurea-immobilier.fr/office5/aureaimmo_140824/catalog/images/pr_p/5/9/1/0/0/3/3/0/59100330a.jpg;Appartement  2 pièces à Mantes-la-Jolie;appartement-2-pieces-a-mantes-59100330a.jpg;139282;https://www.aurea-immobilier.fr/catalog/products_selled.php?page=5
https://www.aurea-immobilier.fr/office5/aureaimmo_140824/catalog/images/pr_p/5/9/1/0/0/3/3/0/59100330b.jpg;Appartement  2 pièces à Mantes-la-Jolie 2;appartement-2-pieces-a-mantes-59100330b.jpg;134580;https://www.aurea-immobilier.fr/catalog/products_selled.php?page=5
https://www.aurea-immobilier.fr/office5/aureaimmo_140824/catalog/images/pr_p/5/8/4/6/1/5/7/6/58461576a.jpg;APPARTEMENT - AUBERGENVILLE  - CENTRE VILLE;appartement-aubergenville-cent-58461576a.jpg;299964;https://www.aurea-immobilier.fr/catalog/products_selled.php?page=5
https://www.aurea-immobilier.fr/office5/aureaimmo_140824/catalog/images/pr_p/5/8/4/6/1/5/7/6/58461576b.jpg;APPARTEMENT - AUBERGENVILLE  - CENTRE VILLE 2;appartement-aubergenville-cent-58461576b.jpg;251622;https://www.aurea-immobilier.fr/catalog/products_selled.php?page=5
https://www.aurea-immobilier.fr/office5/aureaimmo_140824/catalog/images/pr_p/5/8/0/7/4/9/5/5/58074955a.jpg;Maison - Mantes-la-Ville - 6 pièces;maison-mantes-la-ville-6-piece-58074955a.jpg;272701;https://www.aurea-immobilier.fr/catalog/products_selled.php?page=5
https://www.aurea-immobilier.fr/office5/aureaimmo_140824/catalog/images/pr_p/5/8/0/7/4/9/5/5/58074955b.jpg;Maison - Mantes-la-Ville - 6 pièces 2;maison-mantes-la-ville-6-piece-58074955b.jpg;258862;https://www.aurea-immobilier.fr/catalog/products_selled.php?page=5
https://www.aurea-immobilier.fr/office5/aureaimmo_140824/catalog/images/pr_p/5/8/3/2/8/2/5/6/58328256a.jpg;Maison Cergy 4 pièces de 76,37m2;maison-cergy-4-pieces-de-76-37-58328256a.jpg;626359;https://www.aurea-immobilier.fr/catalog/products_selled.php?page=5
https://www.aurea-immobilier.fr/office5/aureaimmo_140824/catalog/images/pr_p/5/8/3/2/8/2/5/6/58328256b.jpg;Maison Cergy 4 pièces de 76,37m2 2;maison-cergy-4-pieces-de-76-37-58328256b.jpg;463721;https://www.aurea-immobilier.fr/catalog/products_selled.php?page=5
https://www.aurea-immobilier.fr/office5/aureaimmo_140824/catalog/images/pr_p/5/8/4/4/3/8/9/9/58443899a.jpg;Maison Mantes La Jolie 4 pièces avec jardin;maison-mantes-la-jolie-4-piece-58443899a.jpg;224101;https://www.aurea-immobilier.fr/catalog/products_selled.php?page=5
https://www.aurea-immobilier.fr/office5/aureaimmo_140824/catalog/images/pr_p/5/8/4/4/3/8/9/9/58443899b.jpg;Maison Mantes La Jolie 4 pièces avec jardin 2;maison-mantes-la-jolie-4-piece-58443899b.jpg;354581;https://www.aurea-immobilier.fr/catalog/products_selled.php?page=5
https://www.aurea-immobilier.fr/office5/aureaimmo_140824/catalog/images/pr_p/5/7/3/9/8/6/8/7/57398687a.jpg;Parking / box Mantes La Jolie 15 m2;parking-box-mantes-la-jolie-15-57398687a.jpg;449126;https://www.aurea-immobilier.fr/catalog/products_selled.php?page=5
https://www.aurea-immobilier.fr/office5/aureaimmo_140824/catalog/images/pr_p/5/7/3/9/8/6/8/7/57398687b.jpg;Parking / box Mantes La Jolie 15 m2 2;parking-box-mantes-la-jolie-15-57398687b.jpg;388786;https://www.aurea-immobilier.fr/catalog/products_selled.php?page=5
https://www.aurea-immobilier.fr/office5/aureaimmo_140824/catalog/images/pr_p/5/8/8/3/4/1/0/0/58834100a.jpg;Studio disponible à Mantes-la-Jolie;studio-disponible-a-mantes-la-58834100a.jpg;158433;https://www.aurea-immobilier.fr/catalog/products_selled.php?page=5
https://www.aurea-immobilier.fr/office5/aureaimmo_140824/catalog/images/pr_p/5/8/8/3/4/1/0/0/58834100b.jpg;Studio disponible à Mantes-la-Jolie 2;studio-disponible-a-mantes-la-58834100b.jpg;202186;https://www.aurea-immobilier.fr/catalog/products_selled.php?page=5
https://www.aurea-immobilier.fr/office5/aureaimmo_140824/catalog/images/pr_p/5/8/7/3/0/1/2/4/58730124a.jpg;Maison - Saint Remy-Sur-Avre - 4pièces;maison-saint-remy-sur-avre-4pi-58730124a.jpg;399740;https://www.aurea-immobilier.fr/catalog/products_selled.php?page=5
https://www.aurea-immobilier.fr/office5/aureaimmo_140824/catalog/images/pr_p/5/8/7/3/0/1/2/4/58730124b.jpg;Maison - Saint Remy-Sur-Avre - 4pièces 2;maison-saint-remy-sur-avre-4pi-58730124b.jpg;271417;https://www.aurea-immobilier.fr/catalog/products_selled.php?page=5
https://www.aurea-immobilier.fr/office5/aureaimmo_140824/catalog/images/pr_p/5/7/1/6/9/4/1/6/57169416a.jpg;MAISON - MANTES LA JOLIE - CENTRE VILLE - 3Pièces;maison-mantes-la-jolie-centre-57169416a.jpg;468829;https://www.aurea-immobilier.fr/catalog/products_selled.php?page=5
https://www.aurea-immobilier.fr/office5/aureaimmo_140824/catalog/images/pr_p/5/7/1/6/9/4/1/6/57169416b.jpg;MAISON - MANTES LA JOLIE - CENTRE VILLE - 3Pièces 2;maison-mantes-la-jolie-centre-57169416b.jpg;292295;https://www.aurea-immobilier.fr/catalog/products_selled.php?page=5
https://www.aurea-immobilier.fr/office5/aureaimmo_140824/catalog/images/pr_p/5/8/8/5/1/3/5/8/58851358a.jpg;Appartement Bonnieres Sur Seine 2 pièce 29.44 m2;appartement-bonnieres-sur-sein-58851358a.jpg;141586;https://www.aurea-immobilier.fr/catalog/products_selled.php?page=6
https://www.aurea-immobilier.fr/office5/aureaimmo_140824/catalog/images/pr_p/5/8/8/5/1/3/5/8/58851358b.jpg;Appartement Bonnieres Sur Seine 2 pièce 29.44 m2 2;appartement-bonnieres-sur-sein-58851358b.jpg;94128;https://www.aurea-immobilier.fr/catalog/products_selled.php?page=6
https://www.aurea-immobilier.fr/office5/aureaimmo_140824/catalog/images/pr_p/5/8/7/6/4/9/7/8/58764978a.jpg;Appartement Mantes-la-Jolie 3 pièces 70m²;appartement-mantes-la-jolie-3-58764978a.jpg;300445;https://www.aurea-immobilier.fr/catalog/products_selled.php?page=6
https://www.aurea-immobilier.fr/office5/aureaimmo_140824/catalog/images/pr_p/5/8/7/6/4/9/7/8/58764978b.jpg;Appartement Mantes-la-Jolie 3 pièces 70m² 2;appartement-mantes-la-jolie-3-58764978b.jpg;179170;https://www.aurea-immobilier.fr/catalog/products_selled.php?page=6
https://www.aurea-immobilier.fr/office5/aureaimmo_140824/catalog/images/pr_p/5/6/3/4/5/2/1/2/56345212a.jpg;MAISON - OINVILLE SUR MONTCIENT - 8Pièces;maison-oinville-sur-montcient-56345212a.jpg;635822;https://www.aurea-immobilier.fr/catalog/products_selled.php?page=6
https://www.aurea-immobilier.fr/office5/aureaimmo_140824/catalog/images/pr_p/5/6/3/4/5/2/1/2/56345212b.jpg;MAISON - OINVILLE SUR MONTCIENT - 8Pièces 2;maison-oinville-sur-montcient-56345212b.jpg;190724;https://www.aurea-immobilier.fr/catalog/products_selled.php?page=6
https://www.aurea-immobilier.fr/office5/aureaimmo_140824/catalog/images/pr_p/5/8/6/6/4/5/8/1/58664581a.jpg;Appartement de 2 pièces avec balcon à MONTROUGE;appartement-de-2-pieces-avec-b-58664581a.jpg;189963;https://www.aurea-immobilier.fr/catalog/products_selled.php?page=6
https://www.aurea-immobilier.fr/office5/aureaimmo_140824/catalog/images/pr_p/5/8/6/6/4/5/8/1/58664581b.jpg;Appartement de 2 pièces avec balcon à MONTROUGE 2;appartement-de-2-pieces-avec-b-58664581b.jpg;152425;https://www.aurea-immobilier.fr/catalog/products_selled.php?page=6
https://www.aurea-immobilier.fr/office5/aureaimmo_140824/catalog/images/pr_p/5/8/6/4/9/6/8/1/58649681a.jpg;APPARTEMENT - MANTES LA JOLIE - GARE;appartement-mantes-la-jolie-ga-58649681a.jpg;304557;https://www.aurea-immobilier.fr/catalog/products_selled.php?page=6
https://www.aurea-immobilier.fr/office5/aureaimmo_140824/catalog/images/pr_p/5/8/6/4/9/6/8/1/58649681b.jpg;APPARTEMENT - MANTES LA JOLIE - GARE 2;appartement-mantes-la-jolie-ga-58649681b.jpg;203435;https://www.aurea-immobilier.fr/catalog/products_selled.php?page=6
https://www.aurea-immobilier.fr/office5/aureaimmo_140824/catalog/images/pr_p/5/7/9/3/0/9/2/7/57930927a.jpg;APPARTEMENT - MANTES LA JOLIE - GARE - 4Pièces;appartement-mantes-la-jolie-ga-57930927a.jpg;239477;https://www.aurea-immobilier.fr/catalog/products_selled.php?page=6
https://www.aurea-immobilier.fr/office5/aureaimmo_140824/catalog/images/pr_p/5/7/9/3/0/9/2/7/57930927b.jpg;APPARTEMENT - MANTES LA JOLIE - GARE - 4Pièces 2;appartement-mantes-la-jolie-ga-57930927b.jpg;225343;https://www.aurea-immobilier.fr/catalog/products_selled.php?page=6
https://www.aurea-immobilier.fr/office5/aureaimmo_140824/catalog/images/pr_p/5/7/1/9/4/0/8/3/57194083a.jpg;Maison de ville 125m² - Mantes La Jolie;maison-de-ville-125m2-mantes-l-57194083a.jpg;154224;https://www.aurea-immobilier.fr/catalog/products_selled.php?page=6
https://www.aurea-immobilier.fr/office5/aureaimmo_140824/catalog/images/pr_p/5/7/1/9/4/0/8/3/57194083b.jpg;Maison de ville 125m² - Mantes La Jolie 2;maison-de-ville-125m2-mantes-l-57194083b.jpg;147876;https://www.aurea-immobilier.fr/catalog/products_selled.php?page=6
https://www.aurea-immobilier.fr/office5/aureaimmo_140824/catalog/images/pr_p/5/7/7/8/3/4/4/1/57783441a.jpg;IMMEUBLE DE RAPPORT - BONNIERES SUR SEINE - 4 Appartements;immeuble-de-rapport-bonnieres-57783441a.jpg;477444;https://www.aurea-immobilier.fr/catalog/products_selled.php?page=6
https://www.aurea-immobilier.fr/office5/aureaimmo_140824/catalog/images/pr_p/5/7/7/8/3/4/4/1/57783441b.jpg;IMMEUBLE DE RAPPORT - BONNIERES SUR SEINE - 4 Appartements 2;immeuble-de-rapport-bonnieres-57783441b.jpg;141284;https://www.aurea-immobilier.fr/catalog/products_selled.php?page=6
https://www.aurea-immobilier.fr/office5/aureaimmo_140824/catalog/images/pr_p/5/8/2/2/5/4/0/4/58225404a.jpg;Maison de 5 pièces disponible à la location !;maison-de-5-pieces-disponible-58225404a.jpg;169172;https://www.aurea-immobilier.fr/catalog/products_selled.php?page=6
https://www.aurea-immobilier.fr/office5/aureaimmo_140824/catalog/images/pr_p/5/8/2/2/5/4/0/4/58225404b.jpg;Maison de 5 pièces disponible à la location ! 2;maison-de-5-pieces-disponible-58225404b.jpg;163372;https://www.aurea-immobilier.fr/catalog/products_selled.php?page=6
https://www.aurea-immobilier.fr/office5/aureaimmo_140824/catalog/images/pr_p/5/8/3/0/7/4/5/9/58307459a.jpg;Appartement de 2 pièces de 41 m2 sur Mantes-la-Jolie;appartement-de-2-pieces-de-41-58307459a.jpg;323678;https://www.aurea-immobilier.fr/catalog/products_selled.php?page=6
https://www.aurea-immobilier.fr/office5/aureaimmo_140824/catalog/images/pr_p/5/8/3/0/7/4/5/9/58307459b.jpg;Appartement de 2 pièces de 41 m2 sur Mantes-la-Jolie 2;appartement-de-2-pieces-de-41-58307459b.jpg;220118;https://www.aurea-immobilier.fr/catalog/products_selled.php?page=6
https://www.aurea-immobilier.fr/office5/aureaimmo_140824/catalog/images/pr_p/5/7/9/8/1/0/7/9/57981079a.jpg;Appartement  2 pièces de  53.84 m2 à Mantes-la-Jolie;appartement-2-pieces-de-53.84-57981079a.jpg;221397;https://www.aurea-immobilier.fr/catalog/products_selled.php?page=6
https://www.aurea-immobilier.fr/office5/aureaimmo_140824/catalog/images/pr_p/5/7/9/8/1/0/7/9/57981079b.jpg;Appartement  2 pièces de  53.84 m2 à Mantes-la-Jolie 2;appartement-2-pieces-de-53.84-57981079b.jpg;202459;https://www.aurea-immobilier.fr/catalog/products_selled.php?page=6
https://www.aurea-immobilier.fr/office5/aureaimmo_140824/catalog/images/pr_p/5/8/2/6/3/5/3/5/58263535a.jpg;Maison de ville Mantes-la-Jolie 3 pièces;maison-de-ville-mantes-la-joli-58263535a.jpg;190954;https://www.aurea-immobilier.fr/catalog/products_selled.php?page=6
https://www.aurea-immobilier.fr/office5/aureaimmo_140824/catalog/images/pr_p/5/8/2/6/3/5/3/5/58263535b.jpg;Maison de ville Mantes-la-Jolie 3 pièces 2;maison-de-ville-mantes-la-joli-58263535b.jpg;178492;https://www.aurea-immobilier.fr/catalog/products_selled.php?page=6
https://www.aurea-immobilier.fr/office5/aureaimmo_140824/catalog/images/pr_p/6/0/0/9/9/3/2/0/60099320a.jpg;APPARTEMENT - GARE DE PARAMAIN L'ISLE ADAM - 3Pièces;appartement-gare-de-paramain-l-60099320a.jpg;197637;https://www.aurea-immobilier.fr/catalog/products_selled.php?page=11
https://www.aurea-immobilier.fr/office5/aureaimmo_140824/catalog/images/pr_p/6/0/0/9/9/3/2/0/60099320b.jpg;APPARTEMENT - GARE DE PARAMAIN L'ISLE ADAM - 3Pièces 2;appartement-gare-de-paramain-l-60099320b.jpg;166466;https://www.aurea-immobilier.fr/catalog/products_selled.php?page=11
https://www.aurea-immobilier.fr/office5/aureaimmo_140824/catalog/images/pr_p/6/1/1/8/8/1/3/8/61188138a.jpg;Studio à Mantes-la-Ville de 26.71 m2;studio-a-mantes-la-ville-de-26-61188138a.jpg;144314;https://www.aurea-immobilier.fr/catalog/products_selled.php?page=11
https://www.aurea-immobilier.fr/office5/aureaimmo_140824/catalog/images/pr_p/6/1/1/8/8/1/3/8/61188138b.jpg;Studio à Mantes-la-Ville de 26.71 m2 2;studio-a-mantes-la-ville-de-26-61188138b.jpg;134360;https://www.aurea-immobilier.fr/catalog/products_selled.php?page=11
https://www.aurea-immobilier.fr/office5/aureaimmo_140824/catalog/images/pr_p/5/6/4/0/7/0/3/6/56407036a.jpg;Maison Rosny Sur Seine 6 pièce(s) 120 m2;maison-rosny-sur-seine-6-piece-56407036a.jpg;572898;https://www.aurea-immobilier.fr/catalog/products_selled.php?page=11
https://www.aurea-immobilier.fr/office5/aureaimmo_140824/catalog/images/pr_p/5/6/4/0/7/0/3/6/56407036b.jpg;Maison Rosny Sur Seine 6 pièce(s) 120 m2 2;maison-rosny-sur-seine-6-piece-56407036b.jpg;362731;https://www.aurea-immobilier.fr/catalog/products_selled.php?page=11
https://www.aurea-immobilier.fr/office5/aureaimmo_140824/catalog/images/pr_p/5/6/3/5/2/9/7/6/56352976a.jpg;APPARTEMENT - MANTES LA JOLIE - 2Pièces;appartement-mantes-la-jolie-2p-56352976a.jpg;234458;https://www.aurea-immobilier.fr/catalog/products_selled.php?page=11
https://www.aurea-immobilier.fr/office5/aureaimmo_140824/catalog/images/pr_p/5/6/3/5/2/9/7/6/56352976b.jpg;APPARTEMENT - MANTES LA JOLIE - 2Pièces 2;appartement-mantes-la-jolie-2p-56352976b.jpg;204256;https://www.aurea-immobilier.fr/catalog/products_selled.php?page=11
https://www.aurea-immobilier.fr/office5/aureaimmo_140824/catalog/images/pr_p/5/6/3/5/2/9/7/1/56352971a.jpg;APPARTEMENT - MANTES LA JOLIE - BORDS DE SEINE - 2Pièces;appartement-mantes-la-jolie-bo-56352971a.jpg;412209;https://www.aurea-immobilier.fr/catalog/products_selled.php?page=11
https://www.aurea-immobilier.fr/office5/aureaimmo_140824/catalog/images/pr_p/5/6/3/5/2/9/7/1/56352971b.jpg;APPARTEMENT - MANTES LA JOLIE - BORDS DE SEINE - 2Pièces 2;appartement-mantes-la-jolie-bo-56352971b.jpg;133901;https://www.aurea-immobilier.fr/catalog/products_selled.php?page=11
https://www.aurea-immobilier.fr/office5/aureaimmo_140824/catalog/images/pr_p/5/6/3/5/2/9/8/1/56352981a.jpg;APPARTEMENT - MANTES LA JOLIE - BORDS DE SEINE - 4Pièces;appartement-mantes-la-jolie-bo-56352981a.jpg;261828;https://www.aurea-immobilier.fr/catalog/products_selled.php?page=11
https://www.aurea-immobilier.fr/office5/aureaimmo_140824/catalog/images/pr_p/5/6/3/5/2/9/8/1/56352981b.jpg;APPARTEMENT - MANTES LA JOLIE - BORDS DE SEINE - 4Pièces 2;appartement-mantes-la-jolie-bo-56352981b.jpg;136836;https://www.aurea-immobilier.fr/catalog/products_selled.php?page=11
https://www.aurea-immobilier.fr/office5/aureaimmo_140824/catalog/images/pr_p/5/6/3/5/2/9/8/5/56352985a.jpg;APPARTEMENT - MANTES LA JOLIE - Centre Ville - 5Pièces;appartement-mantes-la-jolie-ce-56352985a.jpg;191762;https://www.aurea-immobilier.fr/catalog/products_selled.php?page=11
https://www.aurea-immobilier.fr/office5/aureaimmo_140824/catalog/images/pr_p/5/6/3/5/2/9/8/5/56352985b.jpg;APPARTEMENT - MANTES LA JOLIE - Centre Ville - 5Pièces 2;appartement-mantes-la-jolie-ce-56352985b.jpg;199689;https://www.aurea-immobilier.fr/catalog/products_selled.php?page=11
https://www.aurea-immobilier.fr/segments/immo/catalog/images/manufacturers_logo/385554.jpg;AUREA IMMOBILIER;aurea-immobilier-385554.jpg;92962;https://www.aurea-immobilier.fr/catalog/products_print.php?products_id=59514626 | https://www.aurea-immobilier.fr/catalog/products_print.php?products_id=60114296 | https://www.aurea-immobilier.fr/catalog/products_print.php?products_id=60185157 | https://www.aurea-immobilier.fr/catalog/products_print.php?products_id=60609523 | https://www.aurea-immobilier.fr/catalog/products_print.php?products_id=60962717 | https://www.aurea-immobilier.fr/catalog/products_print.php?products_id=60992633 | https://www.aurea-immobilier.fr/catalog/products_print.php?products_id=61452626 | https://www.aurea-immobilier.fr/catalog/products_print.php?products_id=61483159
https://www.aurea-immobilier.fr/office5/aureaimmo_140824/catalog/images/pr_p/6/0/1/1/4/2/9/6/60114296c.jpg;;60114296c.jpg;221612;https://www.aurea-immobilier.fr/catalog/products_print.php?products_id=60114296
https://www.aurea-immobilier.fr/office5_front/aureaimmo_140824/cache/dpe_ges/dpe_dda350ba2af13a94711fb37f68fdeac0.svg;Consommation énergetique;consommation-energetique-dpe_dda350ba2af13a94711fb37f68fdeac0.svg;11028;https://www.aurea-immobilier.fr/catalog/products_print.php?products_id=60114296
https://www.aurea-immobilier.fr/office5_front/aureaimmo_140824/cache/dpe_ges/ges_dda350ba2af13a94711fb37f68fdeac0.svg;Faible émission de GES;faible-emission-de-ges-ges_dda350ba2af13a94711fb37f68fdeac0.svg;10336;https://www.aurea-immobilier.fr/catalog/products_print.php?products_id=60114296
https://www.aurea-immobilier.fr/catalog/images/puce_fleche.gif;;puce_fleche-10.gif;43;https://www.aurea-immobilier.fr/catalog/products_print.php?products_id=59514626 | https://www.aurea-immobilier.fr/catalog/products_print.php?products_id=60114296 | https://www.aurea-immobilier.fr/catalog/products_print.php?products_id=60185157 | https://www.aurea-immobilier.fr/catalog/products_print.php?products_id=60609523 | https://www.aurea-immobilier.fr/catalog/products_print.php?products_id=60962717 | https://www.aurea-immobilier.fr/catalog/products_print.php?products_id=60992633 | https://www.aurea-immobilier.fr/catalog/products_print.php?products_id=61452626 | https://www.aurea-immobilier.fr/catalog/products_print.php?products_id=61483159
https://www.aurea-immobilier.fr/office5/aureaimmo_140824/catalog/images/pr_p/6/1/4/8/3/1/5/9/61483159c.jpg;;61483159c.jpg;173826;https://www.aurea-immobilier.fr/catalog/products_print.php?products_id=61483159
https://www.aurea-immobilier.fr/office5_front/aureaimmo_140824/cache/dpe_ges/dpe_3b17196323273853169ba21fba4b7711.svg;Consommation énergetique;consommation-energetique-dpe_3b17196323273853169ba21fba4b7711.svg;10831;https://www.aurea-immobilier.fr/catalog/products_print.php?products_id=61483159
https://www.aurea-immobilier.fr/office5_front/aureaimmo_140824/cache/dpe_ges/ges_3b17196323273853169ba21fba4b7711.svg;Faible émission de GES;faible-emission-de-ges-ges_3b17196323273853169ba21fba4b7711.svg;11331;https://www.aurea-immobilier.fr/catalog/products_print.php?products_id=61483159
https://www.aurea-immobilier.fr/office5/aureaimmo_140824/catalog/images/pr_p/6/0/6/0/9/5/2/3/60609523c.jpg;;60609523c.jpg;155932;https://www.aurea-immobilier.fr/catalog/products_print.php?products_id=60609523
https://www.aurea-immobilier.fr/office5_front/aureaimmo_140824/cache/dpe_ges/dpe_1919c97f367b9d407ea46d72074a0f0e.svg;Consommation énergetique;consommation-energetique-dpe_1919c97f367b9d407ea46d72074a0f0e.svg;11028;https://www.aurea-immobilier.fr/catalog/products_print.php?products_id=60609523
https://www.aurea-immobilier.fr/office5_front/aureaimmo_140824/cache/dpe_ges/ges_1919c97f367b9d407ea46d72074a0f0e.svg;Faible émission de GES;faible-emission-de-ges-ges_1919c97f367b9d407ea46d72074a0f0e.svg;11330;https://www.aurea-immobilier.fr/catalog/products_print.php?products_id=60609523
https://www.aurea-immobilier.fr/fiches/office5/aureaimmo_140824/catalog/images/pr_p/5/8/3/5/2/1/3/3/58352133a.jpg;MAISON - MANTES LA JOLIE - 5Pièces;maison-plain-pied-la-couture-b-60114296a-3.jpg;176892;https://www.aurea-immobilier.fr/fiches/4-40-26_61452626/maison-familiale-8-pieces-mantes-la-ville.html?cPath=4_40_26&products_id=61452626
https://www.aurea-immobilier.fr/fiches/office5/aureaimmo_140824/catalog/images/pr_p/5/8/3/5/2/1/3/3/58352133b.jpg;MAISON - MANTES LA JOLIE - 5Pièces 2;maison-plain-pied-la-couture-b-60114296a-3.jpg;176892;https://www.aurea-immobilier.fr/fiches/4-40-26_61452626/maison-familiale-8-pieces-mantes-la-ville.html?cPath=4_40_26&products_id=61452626
https://www.aurea-immobilier.fr/fiches/office5/aureaimmo_140824/catalog/images/pr_p/6/0/5/5/2/0/2/8/60552028a.jpg;Maison - Mantes la Jolie - 7 Pièces;maison-plain-pied-la-couture-b-60114296a-3.jpg;176892;https://www.aurea-immobilier.fr/fiches/4-40-26_61452626/maison-familiale-8-pieces-mantes-la-ville.html?cPath=4_40_26&products_id=61452626
https://www.aurea-immobilier.fr/fiches/office5/aureaimmo_140824/catalog/images/pr_p/6/0/5/5/2/0/2/8/60552028b.jpg;Maison - Mantes la Jolie - 7 Pièces 2;maison-plain-pied-la-couture-b-60114296a-3.jpg;176892;https://www.aurea-immobilier.fr/fiches/4-40-26_61452626/maison-familiale-8-pieces-mantes-la-ville.html?cPath=4_40_26&products_id=61452626
https://www.aurea-immobilier.fr/office5/aureaimmo_140824/catalog/images/pr_p/6/1/4/5/2/6/2/6/61452626c.jpg;;61452626c.jpg;163645;https://www.aurea-immobilier.fr/catalog/products_print.php?products_id=61452626
https://www.aurea-immobilier.fr/office5_front/aureaimmo_140824/cache/dpe_ges/dpe_108ee0ef93697540bf66d51e50b2346b.svg;Consommation énergetique;consommation-energetique-dpe_108ee0ef93697540bf66d51e50b2346b.svg;9992;https://www.aurea-immobilier.fr/catalog/products_print.php?products_id=61452626
https://www.aurea-immobilier.fr/office5_front/aureaimmo_140824/cache/dpe_ges/ges_108ee0ef93697540bf66d51e50b2346b.svg;Faible émission de GES;faible-emission-de-ges-ges_108ee0ef93697540bf66d51e50b2346b.svg;11330;https://www.aurea-immobilier.fr/catalog/products_print.php?products_id=61452626
https://www.aurea-immobilier.fr/fiches/office5/aureaimmo_140824/catalog/images/pr_p/5/8/3/0/6/4/0/3/58306403a.jpg;Maison - Mantes La Ville - 90m²;maison-plain-pied-la-couture-b-60114296a-3.jpg;176892;https://www.aurea-immobilier.fr/fiches/4-40-26_60185157/maison-5-pieces-3-chambres-a-mantes-la-jolie.html?cPath=4_40_26&products_id=60185157
https://www.aurea-immobilier.fr/fiches/office5/aureaimmo_140824/catalog/images/pr_p/5/8/3/0/6/4/0/3/58306403b.jpg;Maison - Mantes La Ville - 90m² 2;maison-plain-pied-la-couture-b-60114296a-3.jpg;176892;https://www.aurea-immobilier.fr/fiches/4-40-26_60185157/maison-5-pieces-3-chambres-a-mantes-la-jolie.html?cPath=4_40_26&products_id=60185157
https://www.aurea-immobilier.fr/fiches/office5/aureaimmo_140824/catalog/images/pr_p/5/8/3/0/3/4/3/8/58303438a.jpg;MAISON - MANTES LA VILLE - 141M2;maison-plain-pied-la-couture-b-60114296a-3.jpg;176892;https://www.aurea-immobilier.fr/fiches/4-40-26_60185157/maison-5-pieces-3-chambres-a-mantes-la-jolie.html?cPath=4_40_26&products_id=60185157
https://www.aurea-immobilier.fr/fiches/office5/aureaimmo_140824/catalog/images/pr_p/5/8/3/0/3/4/3/8/58303438b.jpg;MAISON - MANTES LA VILLE - 141M2 2;maison-plain-pied-la-couture-b-60114296a-3.jpg;176892;https://www.aurea-immobilier.fr/fiches/4-40-26_60185157/maison-5-pieces-3-chambres-a-mantes-la-jolie.html?cPath=4_40_26&products_id=60185157
https://www.aurea-immobilier.fr/office5/aureaimmo_140824/catalog/images/pr_p/6/0/1/8/5/1/5/7/60185157c.jpg;;60185157c.jpg;249283;https://www.aurea-immobilier.fr/catalog/products_print.php?products_id=60185157
https://www.aurea-immobilier.fr/office5_front/aureaimmo_140824/cache/dpe_ges/dpe_565fba7558285c0b67d86baf62480faa.svg;Consommation énergetique;consommation-energetique-dpe_565fba7558285c0b67d86baf62480faa.svg;11348;https://www.aurea-immobilier.fr/catalog/products_print.php?products_id=60185157
https://www.aurea-immobilier.fr/office5_front/aureaimmo_140824/cache/dpe_ges/ges_565fba7558285c0b67d86baf62480faa.svg;Faible émission de GES;faible-emission-de-ges-ges_565fba7558285c0b67d86baf62480faa.svg;10572;https://www.aurea-immobilier.fr/catalog/products_print.php?products_id=60185157
https://www.aurea-immobilier.fr/fiches/office5/aureaimmo_140824/catalog/images/pr_p/6/0/7/2/3/7/8/5/60723785a.jpg;APPARTEMENT - MANTES LA JOLIE - Centre Ville - 3Pièces;maison-plain-pied-la-couture-b-60114296a-3.jpg;176892;https://www.aurea-immobilier.fr/fiches/3-33-27_60992633/joli-studio-a-mantes-la-jolie-de-28-m2.html?cPath=3_33_27&products_id=60992633 | https://www.aurea-immobilier.fr/fiches/3-33-29_60962717/appartement-mantes-la-jolie-gare.html?cPath=3_33_29&products_id=60962717
https://www.aurea-immobilier.fr/fiches/office5/aureaimmo_140824/catalog/images/pr_p/6/0/7/2/3/7/8/5/60723785b.jpg;APPARTEMENT - MANTES LA JOLIE - Centre Ville - 3Pièces 2;maison-plain-pied-la-couture-b-60114296a-3.jpg;176892;https://www.aurea-immobilier.fr/fiches/3-33-27_60992633/joli-studio-a-mantes-la-jolie-de-28-m2.html?cPath=3_33_27&products_id=60992633 | https://www.aurea-immobilier.fr/fiches/3-33-29_60962717/appartement-mantes-la-jolie-gare.html?cPath=3_33_29&products_id=60962717
https://www.aurea-immobilier.fr/office5/aureaimmo_140824/catalog/images/pr_p/6/0/9/9/2/6/3/3/60992633c.jpg;;60992633c.jpg;234599;https://www.aurea-immobilier.fr/catalog/products_print.php?products_id=60992633
https://www.aurea-immobilier.fr/office5_front/aureaimmo_140824/cache/dpe_ges/dpe_dc50b4f99f7cf3a6e53e19e64c95db0c.svg;Consommation énergetique;consommation-energetique-dpe_dc50b4f99f7cf3a6e53e19e64c95db0c.svg;11348;https://www.aurea-immobilier.fr/catalog/products_print.php?products_id=60992633
https://www.aurea-immobilier.fr/office5_front/aureaimmo_140824/cache/dpe_ges/ges_dc50b4f99f7cf3a6e53e19e64c95db0c.svg;Faible émission de GES;faible-emission-de-ges-ges_dc50b4f99f7cf3a6e53e19e64c95db0c.svg;11331;https://www.aurea-immobilier.fr/catalog/products_print.php?products_id=60992633
https://www.aurea-immobilier.fr/office5/aureaimmo_140824/catalog/images/pr_p/5/9/5/1/4/6/2/6/59514626c.jpg;;59514626c.jpg;271725;https://www.aurea-immobilier.fr/catalog/products_print.php?products_id=59514626
https://www.aurea-immobilier.fr/office5_front/aureaimmo_140824/cache/dpe_ges/dpe_2f3f4b457d170739a65f614a55cb12c0.svg;Consommation énergetique;consommation-energetique-dpe_2f3f4b457d170739a65f614a55cb12c0.svg;9993;https://www.aurea-immobilier.fr/catalog/products_print.php?products_id=59514626
https://www.aurea-immobilier.fr/office5_front/aureaimmo_140824/cache/dpe_ges/ges_2f3f4b457d170739a65f614a55cb12c0.svg;Faible émission de GES;faible-emission-de-ges-ges_2f3f4b457d170739a65f614a55cb12c0.svg;9422;https://www.aurea-immobilier.fr/catalog/products_print.php?products_id=59514626
https://www.aurea-immobilier.fr/fiches/3-33-29_60962717/images/no-picture.svg;Jill Thepaut;jill-thepaut-no-picture-5.svg;219407;https://www.aurea-immobilier.fr/fiches/3-33-29_60962717/appartement-mantes-la-jolie-gare.html?cPath=3_33_29&products_id=60962717
https://www.aurea-immobilier.fr/office5/aureaimmo_140824/catalog/images/pr_p/6/0/9/6/2/7/1/7/60962717c.jpg;;60962717c.jpg;118499;https://www.aurea-immobilier.fr/catalog/products_print.php?products_id=60962717
https://www.aurea-immobilier.fr/office5_front/aureaimmo_140824/cache/dpe_ges/dpe_a6bd419bf963e8e9f0c8e31441c67ea8.svg;Consommation énergetique;consommation-energetique-dpe_a6bd419bf963e8e9f0c8e31441c67ea8.svg;9992;https://www.aurea-immobilier.fr/catalog/products_print.php?products_id=60962717
https://www.aurea-immobilier.fr/office5_front/aureaimmo_140824/cache/dpe_ges/ges_a6bd419bf963e8e9f0c8e31441c67ea8.svg;Faible émission de GES;faible-emission-de-ges-ges_108ee0ef93697540bf66d51e50b2346b.svg;11330;https://www.aurea-immobilier.fr/catalog/products_print.php?products_id=60962717
